x,y,numero,plateforme,dispositifs,blocs,parcellesunitaire,uri,couleur,datedisparition,mort
1,1,1,0.0,0.0,0.0,0.0,test:/0/@dispositifs.0/@blocs.0/@parcellesunitaire.0/@individus.0,,,
1,2,2,0.0,0.0,0.0,1.0,test:/0/@dispositifs.0/@blocs.0/@parcellesunitaire.1/@individus.0,"Color {255, 0, 0}",2015-07-15T09:36:10.890+0200,true
1,3,3,0.0,0.0,0.0,2.0,test:/0/@dispositifs.0/@blocs.0/@parcellesunitaire.2/@individus.0,"Color {255, 0, 0}",2015-07-15T09:36:13.449+0200,true
1,4,4,0.0,0.0,0.0,3.0,test:/0/@dispositifs.0/@blocs.0/@parcellesunitaire.3/@individus.0,,,
1,5,5,0.0,0.0,0.0,4.0,test:/0/@dispositifs.0/@blocs.0/@parcellesunitaire.4/@individus.0,,,
1,6,6,0.0,0.0,0.0,5.0,test:/0/@dispositifs.0/@blocs.0/@parcellesunitaire.5/@individus.0,,,
1,7,7,0.0,0.0,0.0,6.0,test:/0/@dispositifs.0/@blocs.0/@parcellesunitaire.6/@individus.0,,,
1,8,8,0.0,0.0,0.0,7.0,test:/0/@dispositifs.0/@blocs.0/@parcellesunitaire.7/@individus.0,"Color {255, 0, 0}",,
1,9,9,0.0,0.0,0.0,8.0,test:/0/@dispositifs.0/@blocs.0/@parcellesunitaire.8/@individus.0,"Color {255, 0, 0}",,
1,10,10,0.0,0.0,0.0,9.0,test:/0/@dispositifs.0/@blocs.0/@parcellesunitaire.9/@individus.0,,,
1,11,11,0.0,0.0,0.0,10.0,test:/0/@dispositifs.0/@blocs.0/@parcellesunitaire.10/@individus.0,"Color {255, 0, 0}",,
1,12,12,0.0,0.0,0.0,11.0,test:/0/@dispositifs.0/@blocs.0/@parcellesunitaire.11/@individus.0,,,
1,13,13,0.0,0.0,0.0,12.0,test:/0/@dispositifs.0/@blocs.0/@parcellesunitaire.12/@individus.0,,,
1,14,14,0.0,0.0,0.0,13.0,test:/0/@dispositifs.0/@blocs.0/@parcellesunitaire.13/@individus.0,,,
1,15,15,0.0,0.0,0.0,14.0,test:/0/@dispositifs.0/@blocs.0/@parcellesunitaire.14/@individus.0,,,
1,16,16,0.0,0.0,0.0,15.0,test:/0/@dispositifs.0/@blocs.0/@parcellesunitaire.15/@individus.0,,,
1,17,17,0.0,0.0,0.0,16.0,test:/0/@dispositifs.0/@blocs.0/@parcellesunitaire.16/@individus.0,,,
1,18,18,0.0,0.0,0.0,17.0,test:/0/@dispositifs.0/@blocs.0/@parcellesunitaire.17/@individus.0,,,
1,19,19,0.0,0.0,0.0,18.0,test:/0/@dispositifs.0/@blocs.0/@parcellesunitaire.18/@individus.0,"Color {255, 0, 0}",,
1,20,20,0.0,0.0,0.0,19.0,test:/0/@dispositifs.0/@blocs.0/@parcellesunitaire.19/@individus.0,"Color {255, 0, 0}",,
1,21,21,0.0,0.0,0.0,20.0,test:/0/@dispositifs.0/@blocs.0/@parcellesunitaire.20/@individus.0,,,
1,22,22,0.0,0.0,0.0,21.0,test:/0/@dispositifs.0/@blocs.0/@parcellesunitaire.21/@individus.0,,,
1,23,23,0.0,0.0,0.0,22.0,test:/0/@dispositifs.0/@blocs.0/@parcellesunitaire.22/@individus.0,,,
1,24,24,0.0,0.0,0.0,23.0,test:/0/@dispositifs.0/@blocs.0/@parcellesunitaire.23/@individus.0,,,
1,25,25,0.0,0.0,0.0,24.0,test:/0/@dispositifs.0/@blocs.0/@parcellesunitaire.24/@individus.0,,,
1,26,26,0.0,0.0,0.0,25.0,test:/0/@dispositifs.0/@blocs.0/@parcellesunitaire.25/@individus.0,"Color {255, 0, 0}",,
1,27,27,0.0,0.0,0.0,26.0,test:/0/@dispositifs.0/@blocs.0/@parcellesunitaire.26/@individus.0,,,
2,27,28,0.0,0.0,0.0,27.0,test:/0/@dispositifs.0/@blocs.0/@parcellesunitaire.27/@individus.0,,,
2,26,29,0.0,0.0,0.0,28.0,test:/0/@dispositifs.0/@blocs.0/@parcellesunitaire.28/@individus.0,,,
2,25,30,0.0,0.0,0.0,29.0,test:/0/@dispositifs.0/@blocs.0/@parcellesunitaire.29/@individus.0,,,
2,24,31,0.0,0.0,0.0,30.0,test:/0/@dispositifs.0/@blocs.0/@parcellesunitaire.30/@individus.0,"Color {255, 0, 0}",,
2,23,32,0.0,0.0,0.0,31.0,test:/0/@dispositifs.0/@blocs.0/@parcellesunitaire.31/@individus.0,"Color {0, 255, 0}",,
2,22,33,0.0,0.0,0.0,32.0,test:/0/@dispositifs.0/@blocs.0/@parcellesunitaire.32/@individus.0,,,
2,21,34,0.0,0.0,0.0,33.0,test:/0/@dispositifs.0/@blocs.0/@parcellesunitaire.33/@individus.0,,,
2,20,35,0.0,0.0,0.0,34.0,test:/0/@dispositifs.0/@blocs.0/@parcellesunitaire.34/@individus.0,,,
2,19,36,0.0,0.0,0.0,35.0,test:/0/@dispositifs.0/@blocs.0/@parcellesunitaire.35/@individus.0,"Color {255, 0, 0}",,
2,18,37,0.0,0.0,0.0,36.0,test:/0/@dispositifs.0/@blocs.0/@parcellesunitaire.36/@individus.0,,,
2,17,38,0.0,0.0,0.0,37.0,test:/0/@dispositifs.0/@blocs.0/@parcellesunitaire.37/@individus.0,,,
2,16,39,0.0,0.0,0.0,38.0,test:/0/@dispositifs.0/@blocs.0/@parcellesunitaire.38/@individus.0,,,
2,15,40,0.0,0.0,0.0,39.0,test:/0/@dispositifs.0/@blocs.0/@parcellesunitaire.39/@individus.0,,,
2,14,41,0.0,0.0,0.0,40.0,test:/0/@dispositifs.0/@blocs.0/@parcellesunitaire.40/@individus.0,,,
2,13,42,0.0,0.0,0.0,41.0,test:/0/@dispositifs.0/@blocs.0/@parcellesunitaire.41/@individus.0,,,
2,12,43,0.0,0.0,0.0,42.0,test:/0/@dispositifs.0/@blocs.0/@parcellesunitaire.42/@individus.0,,,
2,11,44,0.0,0.0,0.0,43.0,test:/0/@dispositifs.0/@blocs.0/@parcellesunitaire.43/@individus.0,,,
2,10,45,0.0,0.0,0.0,44.0,test:/0/@dispositifs.0/@blocs.0/@parcellesunitaire.44/@individus.0,,,
2,9,46,0.0,0.0,0.0,45.0,test:/0/@dispositifs.0/@blocs.0/@parcellesunitaire.45/@individus.0,"Color {0, 255, 0}",,
2,8,47,0.0,0.0,0.0,46.0,test:/0/@dispositifs.0/@blocs.0/@parcellesunitaire.46/@individus.0,,,
2,7,48,0.0,0.0,0.0,47.0,test:/0/@dispositifs.0/@blocs.0/@parcellesunitaire.47/@individus.0,,,
2,6,49,0.0,0.0,0.0,48.0,test:/0/@dispositifs.0/@blocs.0/@parcellesunitaire.48/@individus.0,"Color {255, 0, 0}",,
2,5,50,0.0,0.0,0.0,49.0,test:/0/@dispositifs.0/@blocs.0/@parcellesunitaire.49/@individus.0,,,
2,4,51,0.0,0.0,0.0,50.0,test:/0/@dispositifs.0/@blocs.0/@parcellesunitaire.50/@individus.0,,,
2,3,52,0.0,0.0,0.0,51.0,test:/0/@dispositifs.0/@blocs.0/@parcellesunitaire.51/@individus.0,"Color {0, 255, 0}",,
2,2,53,0.0,0.0,0.0,52.0,test:/0/@dispositifs.0/@blocs.0/@parcellesunitaire.52/@individus.0,,,
2,1,54,0.0,0.0,0.0,53.0,test:/0/@dispositifs.0/@blocs.0/@parcellesunitaire.53/@individus.0,"Color {0, 255, 0}",,
3,1,55,0.0,0.0,0.0,54.0,test:/0/@dispositifs.0/@blocs.0/@parcellesunitaire.54/@individus.0,,,
3,2,56,0.0,0.0,0.0,55.0,test:/0/@dispositifs.0/@blocs.0/@parcellesunitaire.55/@individus.0,,,
3,3,57,0.0,0.0,0.0,56.0,test:/0/@dispositifs.0/@blocs.0/@parcellesunitaire.56/@individus.0,"Color {0, 255, 0}",,
3,4,58,0.0,0.0,0.0,57.0,test:/0/@dispositifs.0/@blocs.0/@parcellesunitaire.57/@individus.0,,,
3,5,59,0.0,0.0,0.0,58.0,test:/0/@dispositifs.0/@blocs.0/@parcellesunitaire.58/@individus.0,"Color {255, 0, 0}",,
3,6,60,0.0,0.0,0.0,59.0,test:/0/@dispositifs.0/@blocs.0/@parcellesunitaire.59/@individus.0,,,
3,7,61,0.0,0.0,0.0,60.0,test:/0/@dispositifs.0/@blocs.0/@parcellesunitaire.60/@individus.0,"Color {0, 255, 0}",,
3,8,62,0.0,0.0,0.0,61.0,test:/0/@dispositifs.0/@blocs.0/@parcellesunitaire.61/@individus.0,,,
3,9,63,0.0,0.0,0.0,62.0,test:/0/@dispositifs.0/@blocs.0/@parcellesunitaire.62/@individus.0,,,
3,10,64,0.0,0.0,0.0,63.0,test:/0/@dispositifs.0/@blocs.0/@parcellesunitaire.63/@individus.0,"Color {255, 0, 0}",,
3,11,65,0.0,0.0,0.0,64.0,test:/0/@dispositifs.0/@blocs.0/@parcellesunitaire.64/@individus.0,,,
3,12,66,0.0,0.0,0.0,65.0,test:/0/@dispositifs.0/@blocs.0/@parcellesunitaire.65/@individus.0,"Color {255, 0, 0}",,
3,13,67,0.0,0.0,0.0,66.0,test:/0/@dispositifs.0/@blocs.0/@parcellesunitaire.66/@individus.0,,,
3,14,68,0.0,0.0,0.0,67.0,test:/0/@dispositifs.0/@blocs.0/@parcellesunitaire.67/@individus.0,,,
3,15,69,0.0,0.0,0.0,68.0,test:/0/@dispositifs.0/@blocs.0/@parcellesunitaire.68/@individus.0,,,
3,16,70,0.0,0.0,0.0,69.0,test:/0/@dispositifs.0/@blocs.0/@parcellesunitaire.69/@individus.0,,,
3,17,71,0.0,0.0,0.0,70.0,test:/0/@dispositifs.0/@blocs.0/@parcellesunitaire.70/@individus.0,,,
3,18,72,0.0,0.0,0.0,71.0,test:/0/@dispositifs.0/@blocs.0/@parcellesunitaire.71/@individus.0,"Color {255, 0, 0}",,
3,19,73,0.0,0.0,0.0,72.0,test:/0/@dispositifs.0/@blocs.0/@parcellesunitaire.72/@individus.0,,,
3,20,74,0.0,0.0,0.0,73.0,test:/0/@dispositifs.0/@blocs.0/@parcellesunitaire.73/@individus.0,,,
3,21,75,0.0,0.0,0.0,74.0,test:/0/@dispositifs.0/@blocs.0/@parcellesunitaire.74/@individus.0,,,
3,22,76,0.0,0.0,0.0,75.0,test:/0/@dispositifs.0/@blocs.0/@parcellesunitaire.75/@individus.0,,,
3,23,77,0.0,0.0,0.0,76.0,test:/0/@dispositifs.0/@blocs.0/@parcellesunitaire.76/@individus.0,"Color {255, 0, 0}",,
3,24,78,0.0,0.0,0.0,77.0,test:/0/@dispositifs.0/@blocs.0/@parcellesunitaire.77/@individus.0,,,
3,25,79,0.0,0.0,0.0,78.0,test:/0/@dispositifs.0/@blocs.0/@parcellesunitaire.78/@individus.0,,,
3,26,80,0.0,0.0,0.0,79.0,test:/0/@dispositifs.0/@blocs.0/@parcellesunitaire.79/@individus.0,"Color {255, 0, 0}",,
3,27,81,0.0,0.0,0.0,80.0,test:/0/@dispositifs.0/@blocs.0/@parcellesunitaire.80/@individus.0,,,
4,27,82,0.0,0.0,0.0,81.0,test:/0/@dispositifs.0/@blocs.0/@parcellesunitaire.81/@individus.0,,,
4,26,83,0.0,0.0,0.0,82.0,test:/0/@dispositifs.0/@blocs.0/@parcellesunitaire.82/@individus.0,,,
4,25,84,0.0,0.0,0.0,83.0,test:/0/@dispositifs.0/@blocs.0/@parcellesunitaire.83/@individus.0,"Color {0, 255, 0}",,
4,24,85,0.0,0.0,0.0,84.0,test:/0/@dispositifs.0/@blocs.0/@parcellesunitaire.84/@individus.0,"Color {255, 0, 0}",,
4,23,86,0.0,0.0,0.0,85.0,test:/0/@dispositifs.0/@blocs.0/@parcellesunitaire.85/@individus.0,,,
4,22,87,0.0,0.0,0.0,86.0,test:/0/@dispositifs.0/@blocs.0/@parcellesunitaire.86/@individus.0,"Color {255, 0, 0}",,
4,21,88,0.0,0.0,0.0,87.0,test:/0/@dispositifs.0/@blocs.0/@parcellesunitaire.87/@individus.0,"Color {255, 0, 0}",,
4,20,89,0.0,0.0,0.0,88.0,test:/0/@dispositifs.0/@blocs.0/@parcellesunitaire.88/@individus.0,,,
4,19,90,0.0,0.0,0.0,89.0,test:/0/@dispositifs.0/@blocs.0/@parcellesunitaire.89/@individus.0,"Color {255, 0, 0}",,
4,18,91,0.0,0.0,0.0,90.0,test:/0/@dispositifs.0/@blocs.0/@parcellesunitaire.90/@individus.0,,,
4,17,92,0.0,0.0,0.0,91.0,test:/0/@dispositifs.0/@blocs.0/@parcellesunitaire.91/@individus.0,,,
4,16,93,0.0,0.0,0.0,92.0,test:/0/@dispositifs.0/@blocs.0/@parcellesunitaire.92/@individus.0,,,
4,15,94,0.0,0.0,0.0,93.0,test:/0/@dispositifs.0/@blocs.0/@parcellesunitaire.93/@individus.0,,,
4,14,95,0.0,0.0,0.0,94.0,test:/0/@dispositifs.0/@blocs.0/@parcellesunitaire.94/@individus.0,,,
4,13,96,0.0,0.0,0.0,95.0,test:/0/@dispositifs.0/@blocs.0/@parcellesunitaire.95/@individus.0,"Color {255, 0, 0}",,
4,12,97,0.0,0.0,0.0,96.0,test:/0/@dispositifs.0/@blocs.0/@parcellesunitaire.96/@individus.0,"Color {255, 0, 0}",,
4,11,98,0.0,0.0,0.0,97.0,test:/0/@dispositifs.0/@blocs.0/@parcellesunitaire.97/@individus.0,,,
4,10,99,0.0,0.0,0.0,98.0,test:/0/@dispositifs.0/@blocs.0/@parcellesunitaire.98/@individus.0,"Color {255, 0, 0}",,
4,9,100,0.0,0.0,0.0,99.0,test:/0/@dispositifs.0/@blocs.0/@parcellesunitaire.99/@individus.0,,,
4,8,101,0.0,0.0,0.0,100.0,test:/0/@dispositifs.0/@blocs.0/@parcellesunitaire.100/@individus.0,"Color {0, 255, 0}",,
4,7,102,0.0,0.0,0.0,101.0,test:/0/@dispositifs.0/@blocs.0/@parcellesunitaire.101/@individus.0,,,
4,6,103,0.0,0.0,0.0,102.0,test:/0/@dispositifs.0/@blocs.0/@parcellesunitaire.102/@individus.0,,,
4,5,104,0.0,0.0,0.0,103.0,test:/0/@dispositifs.0/@blocs.0/@parcellesunitaire.103/@individus.0,"Color {255, 0, 0}",,
4,4,105,0.0,0.0,0.0,104.0,test:/0/@dispositifs.0/@blocs.0/@parcellesunitaire.104/@individus.0,,,
4,3,106,0.0,0.0,0.0,105.0,test:/0/@dispositifs.0/@blocs.0/@parcellesunitaire.105/@individus.0,"Color {255, 0, 0}",,
4,2,107,0.0,0.0,0.0,106.0,test:/0/@dispositifs.0/@blocs.0/@parcellesunitaire.106/@individus.0,,,
4,1,108,0.0,0.0,0.0,107.0,test:/0/@dispositifs.0/@blocs.0/@parcellesunitaire.107/@individus.0,,,
5,1,109,0.0,0.0,0.0,108.0,test:/0/@dispositifs.0/@blocs.0/@parcellesunitaire.108/@individus.0,,,
5,2,110,0.0,0.0,0.0,109.0,test:/0/@dispositifs.0/@blocs.0/@parcellesunitaire.109/@individus.0,"Color {255, 0, 0}",,
5,3,111,0.0,0.0,0.0,110.0,test:/0/@dispositifs.0/@blocs.0/@parcellesunitaire.110/@individus.0,,,
5,4,112,0.0,0.0,0.0,111.0,test:/0/@dispositifs.0/@blocs.0/@parcellesunitaire.111/@individus.0,,,
5,5,113,0.0,0.0,0.0,112.0,test:/0/@dispositifs.0/@blocs.0/@parcellesunitaire.112/@individus.0,,,
5,6,114,0.0,0.0,0.0,113.0,test:/0/@dispositifs.0/@blocs.0/@parcellesunitaire.113/@individus.0,,,
5,7,115,0.0,0.0,0.0,114.0,test:/0/@dispositifs.0/@blocs.0/@parcellesunitaire.114/@individus.0,,,
5,8,116,0.0,0.0,0.0,115.0,test:/0/@dispositifs.0/@blocs.0/@parcellesunitaire.115/@individus.0,,,
5,9,117,0.0,0.0,0.0,116.0,test:/0/@dispositifs.0/@blocs.0/@parcellesunitaire.116/@individus.0,,,
5,10,118,0.0,0.0,0.0,117.0,test:/0/@dispositifs.0/@blocs.0/@parcellesunitaire.117/@individus.0,"Color {255, 0, 0}",,
5,11,119,0.0,0.0,0.0,118.0,test:/0/@dispositifs.0/@blocs.0/@parcellesunitaire.118/@individus.0,,,
5,12,120,0.0,0.0,0.0,119.0,test:/0/@dispositifs.0/@blocs.0/@parcellesunitaire.119/@individus.0,,,
5,13,121,0.0,0.0,0.0,120.0,test:/0/@dispositifs.0/@blocs.0/@parcellesunitaire.120/@individus.0,,,
5,14,122,0.0,0.0,0.0,121.0,test:/0/@dispositifs.0/@blocs.0/@parcellesunitaire.121/@individus.0,"Color {255, 0, 0}",,
5,15,123,0.0,0.0,0.0,122.0,test:/0/@dispositifs.0/@blocs.0/@parcellesunitaire.122/@individus.0,"Color {0, 255, 0}",,
5,16,124,0.0,0.0,0.0,123.0,test:/0/@dispositifs.0/@blocs.0/@parcellesunitaire.123/@individus.0,,,
5,17,125,0.0,0.0,0.0,124.0,test:/0/@dispositifs.0/@blocs.0/@parcellesunitaire.124/@individus.0,,,
5,18,126,0.0,0.0,0.0,125.0,test:/0/@dispositifs.0/@blocs.0/@parcellesunitaire.125/@individus.0,"Color {255, 0, 0}",,
5,19,127,0.0,0.0,0.0,126.0,test:/0/@dispositifs.0/@blocs.0/@parcellesunitaire.126/@individus.0,,,
5,20,128,0.0,0.0,0.0,127.0,test:/0/@dispositifs.0/@blocs.0/@parcellesunitaire.127/@individus.0,,,
5,21,129,0.0,0.0,0.0,128.0,test:/0/@dispositifs.0/@blocs.0/@parcellesunitaire.128/@individus.0,,,
5,22,130,0.0,0.0,0.0,129.0,test:/0/@dispositifs.0/@blocs.0/@parcellesunitaire.129/@individus.0,"Color {0, 255, 0}",,
5,23,131,0.0,0.0,0.0,130.0,test:/0/@dispositifs.0/@blocs.0/@parcellesunitaire.130/@individus.0,,,
5,24,132,0.0,0.0,0.0,131.0,test:/0/@dispositifs.0/@blocs.0/@parcellesunitaire.131/@individus.0,,,
5,25,133,0.0,0.0,0.0,132.0,test:/0/@dispositifs.0/@blocs.0/@parcellesunitaire.132/@individus.0,"Color {255, 0, 0}",,
5,26,134,0.0,0.0,0.0,133.0,test:/0/@dispositifs.0/@blocs.0/@parcellesunitaire.133/@individus.0,,,
5,27,135,0.0,0.0,0.0,134.0,test:/0/@dispositifs.0/@blocs.0/@parcellesunitaire.134/@individus.0,,,
6,27,136,0.0,0.0,0.0,135.0,test:/0/@dispositifs.0/@blocs.0/@parcellesunitaire.135/@individus.0,,,
6,26,137,0.0,0.0,0.0,136.0,test:/0/@dispositifs.0/@blocs.0/@parcellesunitaire.136/@individus.0,,,
6,25,138,0.0,0.0,0.0,137.0,test:/0/@dispositifs.0/@blocs.0/@parcellesunitaire.137/@individus.0,"Color {255, 0, 0}",,
6,24,139,0.0,0.0,0.0,138.0,test:/0/@dispositifs.0/@blocs.0/@parcellesunitaire.138/@individus.0,,,
6,23,140,0.0,0.0,0.0,139.0,test:/0/@dispositifs.0/@blocs.0/@parcellesunitaire.139/@individus.0,,,
6,22,141,0.0,0.0,0.0,140.0,test:/0/@dispositifs.0/@blocs.0/@parcellesunitaire.140/@individus.0,,,
6,21,142,0.0,0.0,0.0,141.0,test:/0/@dispositifs.0/@blocs.0/@parcellesunitaire.141/@individus.0,,,
6,20,143,0.0,0.0,0.0,142.0,test:/0/@dispositifs.0/@blocs.0/@parcellesunitaire.142/@individus.0,,,
6,19,144,0.0,0.0,0.0,143.0,test:/0/@dispositifs.0/@blocs.0/@parcellesunitaire.143/@individus.0,,,
6,18,145,0.0,0.0,0.0,144.0,test:/0/@dispositifs.0/@blocs.0/@parcellesunitaire.144/@individus.0,,,
6,17,146,0.0,0.0,0.0,145.0,test:/0/@dispositifs.0/@blocs.0/@parcellesunitaire.145/@individus.0,,,
6,16,147,0.0,0.0,0.0,146.0,test:/0/@dispositifs.0/@blocs.0/@parcellesunitaire.146/@individus.0,,,
6,15,148,0.0,0.0,0.0,147.0,test:/0/@dispositifs.0/@blocs.0/@parcellesunitaire.147/@individus.0,,,
6,14,149,0.0,0.0,0.0,148.0,test:/0/@dispositifs.0/@blocs.0/@parcellesunitaire.148/@individus.0,,,
6,13,150,0.0,0.0,0.0,149.0,test:/0/@dispositifs.0/@blocs.0/@parcellesunitaire.149/@individus.0,"Color {255, 0, 0}",,
6,12,151,0.0,0.0,0.0,150.0,test:/0/@dispositifs.0/@blocs.0/@parcellesunitaire.150/@individus.0,"Color {255, 0, 0}",,
6,11,152,0.0,0.0,0.0,151.0,test:/0/@dispositifs.0/@blocs.0/@parcellesunitaire.151/@individus.0,"Color {255, 0, 0}",,
6,10,153,0.0,0.0,0.0,152.0,test:/0/@dispositifs.0/@blocs.0/@parcellesunitaire.152/@individus.0,,,
6,9,154,0.0,0.0,0.0,153.0,test:/0/@dispositifs.0/@blocs.0/@parcellesunitaire.153/@individus.0,"Color {255, 0, 0}",,
6,8,155,0.0,0.0,0.0,154.0,test:/0/@dispositifs.0/@blocs.0/@parcellesunitaire.154/@individus.0,,,
6,7,156,0.0,0.0,0.0,155.0,test:/0/@dispositifs.0/@blocs.0/@parcellesunitaire.155/@individus.0,"Color {255, 0, 0}",,
6,6,157,0.0,0.0,0.0,156.0,test:/0/@dispositifs.0/@blocs.0/@parcellesunitaire.156/@individus.0,,,
6,5,158,0.0,0.0,0.0,157.0,test:/0/@dispositifs.0/@blocs.0/@parcellesunitaire.157/@individus.0,"Color {255, 0, 0}",,
6,4,159,0.0,0.0,0.0,158.0,test:/0/@dispositifs.0/@blocs.0/@parcellesunitaire.158/@individus.0,,,
6,3,160,0.0,0.0,0.0,159.0,test:/0/@dispositifs.0/@blocs.0/@parcellesunitaire.159/@individus.0,"Color {0, 255, 0}",,
6,2,161,0.0,0.0,0.0,160.0,test:/0/@dispositifs.0/@blocs.0/@parcellesunitaire.160/@individus.0,,,
6,1,162,0.0,0.0,0.0,161.0,test:/0/@dispositifs.0/@blocs.0/@parcellesunitaire.161/@individus.0,,,
7,1,163,0.0,0.0,0.0,162.0,test:/0/@dispositifs.0/@blocs.0/@parcellesunitaire.162/@individus.0,,,
7,2,164,0.0,0.0,0.0,163.0,test:/0/@dispositifs.0/@blocs.0/@parcellesunitaire.163/@individus.0,,,
7,3,165,0.0,0.0,0.0,164.0,test:/0/@dispositifs.0/@blocs.0/@parcellesunitaire.164/@individus.0,,,
7,4,166,0.0,0.0,0.0,165.0,test:/0/@dispositifs.0/@blocs.0/@parcellesunitaire.165/@individus.0,,,
7,5,167,0.0,0.0,0.0,166.0,test:/0/@dispositifs.0/@blocs.0/@parcellesunitaire.166/@individus.0,,,
7,6,168,0.0,0.0,0.0,167.0,test:/0/@dispositifs.0/@blocs.0/@parcellesunitaire.167/@individus.0,,,
7,7,169,0.0,0.0,0.0,168.0,test:/0/@dispositifs.0/@blocs.0/@parcellesunitaire.168/@individus.0,,,
7,8,170,0.0,0.0,0.0,169.0,test:/0/@dispositifs.0/@blocs.0/@parcellesunitaire.169/@individus.0,,,
7,9,171,0.0,0.0,0.0,170.0,test:/0/@dispositifs.0/@blocs.0/@parcellesunitaire.170/@individus.0,,,
7,10,172,0.0,0.0,0.0,171.0,test:/0/@dispositifs.0/@blocs.0/@parcellesunitaire.171/@individus.0,,,
7,11,173,0.0,0.0,0.0,172.0,test:/0/@dispositifs.0/@blocs.0/@parcellesunitaire.172/@individus.0,"Color {255, 0, 0}",,
7,12,174,0.0,0.0,0.0,173.0,test:/0/@dispositifs.0/@blocs.0/@parcellesunitaire.173/@individus.0,,,
7,13,175,0.0,0.0,0.0,174.0,test:/0/@dispositifs.0/@blocs.0/@parcellesunitaire.174/@individus.0,"Color {255, 0, 0}",,
7,14,176,0.0,0.0,0.0,175.0,test:/0/@dispositifs.0/@blocs.0/@parcellesunitaire.175/@individus.0,,,
7,15,177,0.0,0.0,0.0,176.0,test:/0/@dispositifs.0/@blocs.0/@parcellesunitaire.176/@individus.0,"Color {255, 0, 0}",,
7,16,178,0.0,0.0,0.0,177.0,test:/0/@dispositifs.0/@blocs.0/@parcellesunitaire.177/@individus.0,"Color {255, 0, 0}",,
7,17,179,0.0,0.0,0.0,178.0,test:/0/@dispositifs.0/@blocs.0/@parcellesunitaire.178/@individus.0,,,
7,18,180,0.0,0.0,0.0,179.0,test:/0/@dispositifs.0/@blocs.0/@parcellesunitaire.179/@individus.0,,,
7,19,181,0.0,0.0,0.0,180.0,test:/0/@dispositifs.0/@blocs.0/@parcellesunitaire.180/@individus.0,,,
7,20,182,0.0,0.0,0.0,181.0,test:/0/@dispositifs.0/@blocs.0/@parcellesunitaire.181/@individus.0,,,
7,21,183,0.0,0.0,0.0,182.0,test:/0/@dispositifs.0/@blocs.0/@parcellesunitaire.182/@individus.0,"Color {255, 0, 0}",,
7,22,184,0.0,0.0,0.0,183.0,test:/0/@dispositifs.0/@blocs.0/@parcellesunitaire.183/@individus.0,"Color {255, 0, 0}",,
7,23,185,0.0,0.0,0.0,184.0,test:/0/@dispositifs.0/@blocs.0/@parcellesunitaire.184/@individus.0,"Color {0, 255, 0}",,
7,24,186,0.0,0.0,0.0,185.0,test:/0/@dispositifs.0/@blocs.0/@parcellesunitaire.185/@individus.0,,,
7,25,187,0.0,0.0,0.0,186.0,test:/0/@dispositifs.0/@blocs.0/@parcellesunitaire.186/@individus.0,,,
7,26,188,0.0,0.0,0.0,187.0,test:/0/@dispositifs.0/@blocs.0/@parcellesunitaire.187/@individus.0,,,
7,27,189,0.0,0.0,0.0,188.0,test:/0/@dispositifs.0/@blocs.0/@parcellesunitaire.188/@individus.0,,,
8,27,190,0.0,0.0,0.0,189.0,test:/0/@dispositifs.0/@blocs.0/@parcellesunitaire.189/@individus.0,"Color {0, 255, 0}",,
8,26,191,0.0,0.0,0.0,190.0,test:/0/@dispositifs.0/@blocs.0/@parcellesunitaire.190/@individus.0,"Color {0, 255, 0}",,
8,25,192,0.0,0.0,0.0,191.0,test:/0/@dispositifs.0/@blocs.0/@parcellesunitaire.191/@individus.0,,,
8,24,193,0.0,0.0,0.0,192.0,test:/0/@dispositifs.0/@blocs.0/@parcellesunitaire.192/@individus.0,,,
8,23,194,0.0,0.0,0.0,193.0,test:/0/@dispositifs.0/@blocs.0/@parcellesunitaire.193/@individus.0,,,
8,22,195,0.0,0.0,0.0,194.0,test:/0/@dispositifs.0/@blocs.0/@parcellesunitaire.194/@individus.0,,,
8,21,196,0.0,0.0,0.0,195.0,test:/0/@dispositifs.0/@blocs.0/@parcellesunitaire.195/@individus.0,,,
8,20,197,0.0,0.0,0.0,196.0,test:/0/@dispositifs.0/@blocs.0/@parcellesunitaire.196/@individus.0,,,
8,19,198,0.0,0.0,0.0,197.0,test:/0/@dispositifs.0/@blocs.0/@parcellesunitaire.197/@individus.0,,,
8,18,199,0.0,0.0,0.0,198.0,test:/0/@dispositifs.0/@blocs.0/@parcellesunitaire.198/@individus.0,,,
8,17,200,0.0,0.0,0.0,199.0,test:/0/@dispositifs.0/@blocs.0/@parcellesunitaire.199/@individus.0,,,
8,16,201,0.0,0.0,0.0,200.0,test:/0/@dispositifs.0/@blocs.0/@parcellesunitaire.200/@individus.0,"Color {255, 0, 0}",,
8,15,202,0.0,0.0,0.0,201.0,test:/0/@dispositifs.0/@blocs.0/@parcellesunitaire.201/@individus.0,"Color {255, 0, 0}",,
8,14,203,0.0,0.0,0.0,202.0,test:/0/@dispositifs.0/@blocs.0/@parcellesunitaire.202/@individus.0,,,
8,13,204,0.0,0.0,0.0,203.0,test:/0/@dispositifs.0/@blocs.0/@parcellesunitaire.203/@individus.0,,,
8,12,205,0.0,0.0,0.0,204.0,test:/0/@dispositifs.0/@blocs.0/@parcellesunitaire.204/@individus.0,,,
8,11,206,0.0,0.0,0.0,205.0,test:/0/@dispositifs.0/@blocs.0/@parcellesunitaire.205/@individus.0,,,
8,10,207,0.0,0.0,0.0,206.0,test:/0/@dispositifs.0/@blocs.0/@parcellesunitaire.206/@individus.0,,,
8,9,208,0.0,0.0,0.0,207.0,test:/0/@dispositifs.0/@blocs.0/@parcellesunitaire.207/@individus.0,,,
8,8,209,0.0,0.0,0.0,208.0,test:/0/@dispositifs.0/@blocs.0/@parcellesunitaire.208/@individus.0,,,
8,7,210,0.0,0.0,0.0,209.0,test:/0/@dispositifs.0/@blocs.0/@parcellesunitaire.209/@individus.0,,,
8,6,211,0.0,0.0,0.0,210.0,test:/0/@dispositifs.0/@blocs.0/@parcellesunitaire.210/@individus.0,,,
8,5,212,0.0,0.0,0.0,211.0,test:/0/@dispositifs.0/@blocs.0/@parcellesunitaire.211/@individus.0,,,
8,4,213,0.0,0.0,0.0,212.0,test:/0/@dispositifs.0/@blocs.0/@parcellesunitaire.212/@individus.0,,,
8,3,214,0.0,0.0,0.0,213.0,test:/0/@dispositifs.0/@blocs.0/@parcellesunitaire.213/@individus.0,"Color {0, 255, 0}",,
8,2,215,0.0,0.0,0.0,214.0,test:/0/@dispositifs.0/@blocs.0/@parcellesunitaire.214/@individus.0,,,
8,1,216,0.0,0.0,0.0,215.0,test:/0/@dispositifs.0/@blocs.0/@parcellesunitaire.215/@individus.0,,,
9,1,217,0.0,0.0,0.0,216.0,test:/0/@dispositifs.0/@blocs.0/@parcellesunitaire.216/@individus.0,"Color {0, 255, 0}",,
9,2,218,0.0,0.0,0.0,217.0,test:/0/@dispositifs.0/@blocs.0/@parcellesunitaire.217/@individus.0,,,
9,3,219,0.0,0.0,0.0,218.0,test:/0/@dispositifs.0/@blocs.0/@parcellesunitaire.218/@individus.0,"Color {0, 255, 0}",,
9,4,220,0.0,0.0,0.0,219.0,test:/0/@dispositifs.0/@blocs.0/@parcellesunitaire.219/@individus.0,"Color {255, 0, 0}",,
9,5,221,0.0,0.0,0.0,220.0,test:/0/@dispositifs.0/@blocs.0/@parcellesunitaire.220/@individus.0,,,
9,6,222,0.0,0.0,0.0,221.0,test:/0/@dispositifs.0/@blocs.0/@parcellesunitaire.221/@individus.0,,,
9,7,223,0.0,0.0,0.0,222.0,test:/0/@dispositifs.0/@blocs.0/@parcellesunitaire.222/@individus.0,"Color {255, 0, 0}",,
9,8,224,0.0,0.0,0.0,223.0,test:/0/@dispositifs.0/@blocs.0/@parcellesunitaire.223/@individus.0,,,
9,9,225,0.0,0.0,0.0,224.0,test:/0/@dispositifs.0/@blocs.0/@parcellesunitaire.224/@individus.0,"Color {255, 0, 0}",,
9,10,226,0.0,0.0,0.0,225.0,test:/0/@dispositifs.0/@blocs.0/@parcellesunitaire.225/@individus.0,"Color {255, 0, 0}",,
9,11,227,0.0,0.0,0.0,226.0,test:/0/@dispositifs.0/@blocs.0/@parcellesunitaire.226/@individus.0,"Color {255, 0, 0}",,
9,12,228,0.0,0.0,0.0,227.0,test:/0/@dispositifs.0/@blocs.0/@parcellesunitaire.227/@individus.0,,,
9,13,229,0.0,0.0,0.0,228.0,test:/0/@dispositifs.0/@blocs.0/@parcellesunitaire.228/@individus.0,,,
9,14,230,0.0,0.0,0.0,229.0,test:/0/@dispositifs.0/@blocs.0/@parcellesunitaire.229/@individus.0,,,
9,15,231,0.0,0.0,0.0,230.0,test:/0/@dispositifs.0/@blocs.0/@parcellesunitaire.230/@individus.0,,,
9,16,232,0.0,0.0,0.0,231.0,test:/0/@dispositifs.0/@blocs.0/@parcellesunitaire.231/@individus.0,"Color {0, 255, 0}",,
9,17,233,0.0,0.0,0.0,232.0,test:/0/@dispositifs.0/@blocs.0/@parcellesunitaire.232/@individus.0,"Color {255, 0, 0}",,
9,18,234,0.0,0.0,0.0,233.0,test:/0/@dispositifs.0/@blocs.0/@parcellesunitaire.233/@individus.0,"Color {255, 0, 0}",,
9,19,235,0.0,0.0,0.0,234.0,test:/0/@dispositifs.0/@blocs.0/@parcellesunitaire.234/@individus.0,,,
9,20,236,0.0,0.0,0.0,235.0,test:/0/@dispositifs.0/@blocs.0/@parcellesunitaire.235/@individus.0,,,
9,21,237,0.0,0.0,0.0,236.0,test:/0/@dispositifs.0/@blocs.0/@parcellesunitaire.236/@individus.0,,,
9,22,238,0.0,0.0,0.0,237.0,test:/0/@dispositifs.0/@blocs.0/@parcellesunitaire.237/@individus.0,,,
9,23,239,0.0,0.0,0.0,238.0,test:/0/@dispositifs.0/@blocs.0/@parcellesunitaire.238/@individus.0,,,
9,24,240,0.0,0.0,0.0,239.0,test:/0/@dispositifs.0/@blocs.0/@parcellesunitaire.239/@individus.0,"Color {255, 0, 0}",,
9,25,241,0.0,0.0,0.0,240.0,test:/0/@dispositifs.0/@blocs.0/@parcellesunitaire.240/@individus.0,,,
9,26,242,0.0,0.0,0.0,241.0,test:/0/@dispositifs.0/@blocs.0/@parcellesunitaire.241/@individus.0,,,
9,27,243,0.0,0.0,0.0,242.0,test:/0/@dispositifs.0/@blocs.0/@parcellesunitaire.242/@individus.0,,,
10,27,244,0.0,0.0,0.0,243.0,test:/0/@dispositifs.0/@blocs.0/@parcellesunitaire.243/@individus.0,,,
10,26,245,0.0,0.0,0.0,244.0,test:/0/@dispositifs.0/@blocs.0/@parcellesunitaire.244/@individus.0,,,
10,25,246,0.0,0.0,0.0,245.0,test:/0/@dispositifs.0/@blocs.0/@parcellesunitaire.245/@individus.0,,,
10,24,247,0.0,0.0,0.0,246.0,test:/0/@dispositifs.0/@blocs.0/@parcellesunitaire.246/@individus.0,,,
10,23,248,0.0,0.0,0.0,247.0,test:/0/@dispositifs.0/@blocs.0/@parcellesunitaire.247/@individus.0,"Color {255, 0, 0}",,
10,22,249,0.0,0.0,0.0,248.0,test:/0/@dispositifs.0/@blocs.0/@parcellesunitaire.248/@individus.0,"Color {0, 255, 0}",,
10,21,250,0.0,0.0,0.0,249.0,test:/0/@dispositifs.0/@blocs.0/@parcellesunitaire.249/@individus.0,,,
10,20,251,0.0,0.0,0.0,250.0,test:/0/@dispositifs.0/@blocs.0/@parcellesunitaire.250/@individus.0,,,
10,19,252,0.0,0.0,0.0,251.0,test:/0/@dispositifs.0/@blocs.0/@parcellesunitaire.251/@individus.0,,,
10,18,253,0.0,0.0,0.0,252.0,test:/0/@dispositifs.0/@blocs.0/@parcellesunitaire.252/@individus.0,"Color {255, 0, 0}",,
10,17,254,0.0,0.0,0.0,253.0,test:/0/@dispositifs.0/@blocs.0/@parcellesunitaire.253/@individus.0,,,
10,16,255,0.0,0.0,0.0,254.0,test:/0/@dispositifs.0/@blocs.0/@parcellesunitaire.254/@individus.0,,,
10,15,256,0.0,0.0,0.0,255.0,test:/0/@dispositifs.0/@blocs.0/@parcellesunitaire.255/@individus.0,,,
10,14,257,0.0,0.0,0.0,256.0,test:/0/@dispositifs.0/@blocs.0/@parcellesunitaire.256/@individus.0,,,
10,13,258,0.0,0.0,0.0,257.0,test:/0/@dispositifs.0/@blocs.0/@parcellesunitaire.257/@individus.0,"Color {255, 0, 0}",,
10,12,259,0.0,0.0,0.0,258.0,test:/0/@dispositifs.0/@blocs.0/@parcellesunitaire.258/@individus.0,,,
10,11,260,0.0,0.0,0.0,259.0,test:/0/@dispositifs.0/@blocs.0/@parcellesunitaire.259/@individus.0,,,
10,10,261,0.0,0.0,0.0,260.0,test:/0/@dispositifs.0/@blocs.0/@parcellesunitaire.260/@individus.0,,,
10,9,262,0.0,0.0,0.0,261.0,test:/0/@dispositifs.0/@blocs.0/@parcellesunitaire.261/@individus.0,,,
10,8,263,0.0,0.0,0.0,262.0,test:/0/@dispositifs.0/@blocs.0/@parcellesunitaire.262/@individus.0,,,
10,7,264,0.0,0.0,0.0,263.0,test:/0/@dispositifs.0/@blocs.0/@parcellesunitaire.263/@individus.0,,,
10,6,265,0.0,0.0,0.0,264.0,test:/0/@dispositifs.0/@blocs.0/@parcellesunitaire.264/@individus.0,,,
10,5,266,0.0,0.0,0.0,265.0,test:/0/@dispositifs.0/@blocs.0/@parcellesunitaire.265/@individus.0,,,
10,4,267,0.0,0.0,0.0,266.0,test:/0/@dispositifs.0/@blocs.0/@parcellesunitaire.266/@individus.0,"Color {255, 0, 0}",,
10,3,268,0.0,0.0,0.0,267.0,test:/0/@dispositifs.0/@blocs.0/@parcellesunitaire.267/@individus.0,,,
10,2,269,0.0,0.0,0.0,268.0,test:/0/@dispositifs.0/@blocs.0/@parcellesunitaire.268/@individus.0,,,
10,1,270,0.0,0.0,0.0,269.0,test:/0/@dispositifs.0/@blocs.0/@parcellesunitaire.269/@individus.0,,,
11,1,271,0.0,0.0,0.0,270.0,test:/0/@dispositifs.0/@blocs.0/@parcellesunitaire.270/@individus.0,,,
11,2,272,0.0,0.0,0.0,271.0,test:/0/@dispositifs.0/@blocs.0/@parcellesunitaire.271/@individus.0,,,
11,3,273,0.0,0.0,0.0,272.0,test:/0/@dispositifs.0/@blocs.0/@parcellesunitaire.272/@individus.0,"Color {255, 0, 0}",,
11,4,274,0.0,0.0,0.0,273.0,test:/0/@dispositifs.0/@blocs.0/@parcellesunitaire.273/@individus.0,,,
11,5,275,0.0,0.0,0.0,274.0,test:/0/@dispositifs.0/@blocs.0/@parcellesunitaire.274/@individus.0,"Color {255, 0, 0}",,
11,6,276,0.0,0.0,0.0,275.0,test:/0/@dispositifs.0/@blocs.0/@parcellesunitaire.275/@individus.0,"Color {255, 0, 0}",,
11,7,277,0.0,0.0,0.0,276.0,test:/0/@dispositifs.0/@blocs.0/@parcellesunitaire.276/@individus.0,,,
11,8,278,0.0,0.0,0.0,277.0,test:/0/@dispositifs.0/@blocs.0/@parcellesunitaire.277/@individus.0,,,
11,9,279,0.0,0.0,0.0,278.0,test:/0/@dispositifs.0/@blocs.0/@parcellesunitaire.278/@individus.0,,,
11,10,280,0.0,0.0,0.0,279.0,test:/0/@dispositifs.0/@blocs.0/@parcellesunitaire.279/@individus.0,"Color {255, 0, 0}",,
11,11,281,0.0,0.0,0.0,280.0,test:/0/@dispositifs.0/@blocs.0/@parcellesunitaire.280/@individus.0,,,
11,12,282,0.0,0.0,0.0,281.0,test:/0/@dispositifs.0/@blocs.0/@parcellesunitaire.281/@individus.0,,,
11,13,283,0.0,0.0,0.0,282.0,test:/0/@dispositifs.0/@blocs.0/@parcellesunitaire.282/@individus.0,,,
11,14,284,0.0,0.0,0.0,283.0,test:/0/@dispositifs.0/@blocs.0/@parcellesunitaire.283/@individus.0,,,
11,15,285,0.0,0.0,0.0,284.0,test:/0/@dispositifs.0/@blocs.0/@parcellesunitaire.284/@individus.0,"Color {0, 255, 0}",,
11,16,286,0.0,0.0,0.0,285.0,test:/0/@dispositifs.0/@blocs.0/@parcellesunitaire.285/@individus.0,"Color {255, 0, 0}",,
11,17,287,0.0,0.0,0.0,286.0,test:/0/@dispositifs.0/@blocs.0/@parcellesunitaire.286/@individus.0,"Color {0, 255, 0}",,
11,18,288,0.0,0.0,0.0,287.0,test:/0/@dispositifs.0/@blocs.0/@parcellesunitaire.287/@individus.0,,,
11,19,289,0.0,0.0,0.0,288.0,test:/0/@dispositifs.0/@blocs.0/@parcellesunitaire.288/@individus.0,,,
11,20,290,0.0,0.0,0.0,289.0,test:/0/@dispositifs.0/@blocs.0/@parcellesunitaire.289/@individus.0,"Color {0, 255, 0}",,
11,21,291,0.0,0.0,0.0,290.0,test:/0/@dispositifs.0/@blocs.0/@parcellesunitaire.290/@individus.0,,,
11,22,292,0.0,0.0,0.0,291.0,test:/0/@dispositifs.0/@blocs.0/@parcellesunitaire.291/@individus.0,,,
11,23,293,0.0,0.0,0.0,292.0,test:/0/@dispositifs.0/@blocs.0/@parcellesunitaire.292/@individus.0,,,
11,24,294,0.0,0.0,0.0,293.0,test:/0/@dispositifs.0/@blocs.0/@parcellesunitaire.293/@individus.0,,,
11,25,295,0.0,0.0,0.0,294.0,test:/0/@dispositifs.0/@blocs.0/@parcellesunitaire.294/@individus.0,,,
11,26,296,0.0,0.0,0.0,295.0,test:/0/@dispositifs.0/@blocs.0/@parcellesunitaire.295/@individus.0,"Color {255, 0, 0}",,
11,27,297,0.0,0.0,0.0,296.0,test:/0/@dispositifs.0/@blocs.0/@parcellesunitaire.296/@individus.0,"Color {255, 0, 0}",,
12,27,298,0.0,0.0,0.0,297.0,test:/0/@dispositifs.0/@blocs.0/@parcellesunitaire.297/@individus.0,,,
12,26,299,0.0,0.0,0.0,298.0,test:/0/@dispositifs.0/@blocs.0/@parcellesunitaire.298/@individus.0,,,
12,25,300,0.0,0.0,0.0,299.0,test:/0/@dispositifs.0/@blocs.0/@parcellesunitaire.299/@individus.0,"Color {255, 0, 0}",,
12,24,301,0.0,0.0,0.0,300.0,test:/0/@dispositifs.0/@blocs.0/@parcellesunitaire.300/@individus.0,,,
12,23,302,0.0,0.0,0.0,301.0,test:/0/@dispositifs.0/@blocs.0/@parcellesunitaire.301/@individus.0,,,
12,22,303,0.0,0.0,0.0,302.0,test:/0/@dispositifs.0/@blocs.0/@parcellesunitaire.302/@individus.0,,,
12,21,304,0.0,0.0,0.0,303.0,test:/0/@dispositifs.0/@blocs.0/@parcellesunitaire.303/@individus.0,,,
12,20,305,0.0,0.0,0.0,304.0,test:/0/@dispositifs.0/@blocs.0/@parcellesunitaire.304/@individus.0,"Color {0, 255, 0}",,
12,19,306,0.0,0.0,0.0,305.0,test:/0/@dispositifs.0/@blocs.0/@parcellesunitaire.305/@individus.0,"Color {255, 0, 0}",,
12,18,307,0.0,0.0,0.0,306.0,test:/0/@dispositifs.0/@blocs.0/@parcellesunitaire.306/@individus.0,,,
12,17,308,0.0,0.0,0.0,307.0,test:/0/@dispositifs.0/@blocs.0/@parcellesunitaire.307/@individus.0,,,
12,16,309,0.0,0.0,0.0,308.0,test:/0/@dispositifs.0/@blocs.0/@parcellesunitaire.308/@individus.0,,,
12,15,310,0.0,0.0,0.0,309.0,test:/0/@dispositifs.0/@blocs.0/@parcellesunitaire.309/@individus.0,,,
12,14,311,0.0,0.0,0.0,310.0,test:/0/@dispositifs.0/@blocs.0/@parcellesunitaire.310/@individus.0,,,
12,13,312,0.0,0.0,0.0,311.0,test:/0/@dispositifs.0/@blocs.0/@parcellesunitaire.311/@individus.0,,,
12,12,313,0.0,0.0,0.0,312.0,test:/0/@dispositifs.0/@blocs.0/@parcellesunitaire.312/@individus.0,,,
12,11,314,0.0,0.0,0.0,313.0,test:/0/@dispositifs.0/@blocs.0/@parcellesunitaire.313/@individus.0,"Color {255, 0, 0}",,
12,10,315,0.0,0.0,0.0,314.0,test:/0/@dispositifs.0/@blocs.0/@parcellesunitaire.314/@individus.0,"Color {255, 0, 0}",,
12,9,316,0.0,0.0,0.0,315.0,test:/0/@dispositifs.0/@blocs.0/@parcellesunitaire.315/@individus.0,,,
12,8,317,0.0,0.0,0.0,316.0,test:/0/@dispositifs.0/@blocs.0/@parcellesunitaire.316/@individus.0,,,
12,7,318,0.0,0.0,0.0,317.0,test:/0/@dispositifs.0/@blocs.0/@parcellesunitaire.317/@individus.0,,,
12,6,319,0.0,0.0,0.0,318.0,test:/0/@dispositifs.0/@blocs.0/@parcellesunitaire.318/@individus.0,,,
12,5,320,0.0,0.0,0.0,319.0,test:/0/@dispositifs.0/@blocs.0/@parcellesunitaire.319/@individus.0,"Color {255, 0, 0}",,
12,4,321,0.0,0.0,0.0,320.0,test:/0/@dispositifs.0/@blocs.0/@parcellesunitaire.320/@individus.0,,,
12,3,322,0.0,0.0,0.0,321.0,test:/0/@dispositifs.0/@blocs.0/@parcellesunitaire.321/@individus.0,,,
12,2,323,0.0,0.0,0.0,322.0,test:/0/@dispositifs.0/@blocs.0/@parcellesunitaire.322/@individus.0,,,
12,1,324,0.0,0.0,0.0,323.0,test:/0/@dispositifs.0/@blocs.0/@parcellesunitaire.323/@individus.0,,,
13,1,325,0.0,0.0,0.0,324.0,test:/0/@dispositifs.0/@blocs.0/@parcellesunitaire.324/@individus.0,,,
13,2,326,0.0,0.0,0.0,325.0,test:/0/@dispositifs.0/@blocs.0/@parcellesunitaire.325/@individus.0,"Color {0, 255, 0}",,
13,3,327,0.0,0.0,0.0,326.0,test:/0/@dispositifs.0/@blocs.0/@parcellesunitaire.326/@individus.0,,,
13,4,328,0.0,0.0,0.0,327.0,test:/0/@dispositifs.0/@blocs.0/@parcellesunitaire.327/@individus.0,,,
13,5,329,0.0,0.0,0.0,328.0,test:/0/@dispositifs.0/@blocs.0/@parcellesunitaire.328/@individus.0,,,
13,6,330,0.0,0.0,0.0,329.0,test:/0/@dispositifs.0/@blocs.0/@parcellesunitaire.329/@individus.0,,,
13,7,331,0.0,0.0,0.0,330.0,test:/0/@dispositifs.0/@blocs.0/@parcellesunitaire.330/@individus.0,"Color {0, 255, 0}",,
13,8,332,0.0,0.0,0.0,331.0,test:/0/@dispositifs.0/@blocs.0/@parcellesunitaire.331/@individus.0,"Color {255, 0, 0}",,
13,9,333,0.0,0.0,0.0,332.0,test:/0/@dispositifs.0/@blocs.0/@parcellesunitaire.332/@individus.0,"Color {255, 0, 0}",,
13,10,334,0.0,0.0,0.0,333.0,test:/0/@dispositifs.0/@blocs.0/@parcellesunitaire.333/@individus.0,,,
13,11,335,0.0,0.0,0.0,334.0,test:/0/@dispositifs.0/@blocs.0/@parcellesunitaire.334/@individus.0,,,
13,12,336,0.0,0.0,0.0,335.0,test:/0/@dispositifs.0/@blocs.0/@parcellesunitaire.335/@individus.0,,,
13,13,337,0.0,0.0,0.0,336.0,test:/0/@dispositifs.0/@blocs.0/@parcellesunitaire.336/@individus.0,"Color {255, 0, 0}",,
13,14,338,0.0,0.0,0.0,337.0,test:/0/@dispositifs.0/@blocs.0/@parcellesunitaire.337/@individus.0,"Color {255, 0, 0}",,
13,15,339,0.0,0.0,0.0,338.0,test:/0/@dispositifs.0/@blocs.0/@parcellesunitaire.338/@individus.0,,,
13,16,340,0.0,0.0,0.0,339.0,test:/0/@dispositifs.0/@blocs.0/@parcellesunitaire.339/@individus.0,"Color {0, 255, 0}",,
13,17,341,0.0,0.0,0.0,340.0,test:/0/@dispositifs.0/@blocs.0/@parcellesunitaire.340/@individus.0,,,
13,18,342,0.0,0.0,0.0,341.0,test:/0/@dispositifs.0/@blocs.0/@parcellesunitaire.341/@individus.0,"Color {255, 0, 0}",,
13,19,343,0.0,0.0,0.0,342.0,test:/0/@dispositifs.0/@blocs.0/@parcellesunitaire.342/@individus.0,"Color {0, 255, 0}",,
13,20,344,0.0,0.0,0.0,343.0,test:/0/@dispositifs.0/@blocs.0/@parcellesunitaire.343/@individus.0,,,
13,21,345,0.0,0.0,0.0,344.0,test:/0/@dispositifs.0/@blocs.0/@parcellesunitaire.344/@individus.0,"Color {255, 0, 0}",,
13,22,346,0.0,0.0,0.0,345.0,test:/0/@dispositifs.0/@blocs.0/@parcellesunitaire.345/@individus.0,,,
13,23,347,0.0,0.0,0.0,346.0,test:/0/@dispositifs.0/@blocs.0/@parcellesunitaire.346/@individus.0,"Color {0, 255, 0}",,
13,24,348,0.0,0.0,0.0,347.0,test:/0/@dispositifs.0/@blocs.0/@parcellesunitaire.347/@individus.0,,,
13,25,349,0.0,0.0,0.0,348.0,test:/0/@dispositifs.0/@blocs.0/@parcellesunitaire.348/@individus.0,,,
13,26,350,0.0,0.0,0.0,349.0,test:/0/@dispositifs.0/@blocs.0/@parcellesunitaire.349/@individus.0,"Color {255, 0, 0}",,
13,27,351,0.0,0.0,0.0,350.0,test:/0/@dispositifs.0/@blocs.0/@parcellesunitaire.350/@individus.0,,,
14,27,352,0.0,0.0,0.0,351.0,test:/0/@dispositifs.0/@blocs.0/@parcellesunitaire.351/@individus.0,,,
14,26,353,0.0,0.0,0.0,352.0,test:/0/@dispositifs.0/@blocs.0/@parcellesunitaire.352/@individus.0,,,
14,25,354,0.0,0.0,0.0,353.0,test:/0/@dispositifs.0/@blocs.0/@parcellesunitaire.353/@individus.0,,,
14,24,355,0.0,0.0,0.0,354.0,test:/0/@dispositifs.0/@blocs.0/@parcellesunitaire.354/@individus.0,,,
14,23,356,0.0,0.0,0.0,355.0,test:/0/@dispositifs.0/@blocs.0/@parcellesunitaire.355/@individus.0,"Color {255, 0, 0}",,
14,22,357,0.0,0.0,0.0,356.0,test:/0/@dispositifs.0/@blocs.0/@parcellesunitaire.356/@individus.0,"Color {0, 255, 0}",,
14,21,358,0.0,0.0,0.0,357.0,test:/0/@dispositifs.0/@blocs.0/@parcellesunitaire.357/@individus.0,,,
14,20,359,0.0,0.0,0.0,358.0,test:/0/@dispositifs.0/@blocs.0/@parcellesunitaire.358/@individus.0,"Color {255, 0, 0}",,
14,19,360,0.0,0.0,0.0,359.0,test:/0/@dispositifs.0/@blocs.0/@parcellesunitaire.359/@individus.0,"Color {255, 0, 0}",,
14,18,361,0.0,0.0,0.0,360.0,test:/0/@dispositifs.0/@blocs.0/@parcellesunitaire.360/@individus.0,"Color {255, 0, 0}",,
14,17,362,0.0,0.0,0.0,361.0,test:/0/@dispositifs.0/@blocs.0/@parcellesunitaire.361/@individus.0,"Color {255, 0, 0}",,
14,16,363,0.0,0.0,0.0,362.0,test:/0/@dispositifs.0/@blocs.0/@parcellesunitaire.362/@individus.0,"Color {255, 0, 0}",,
14,15,364,0.0,0.0,0.0,363.0,test:/0/@dispositifs.0/@blocs.0/@parcellesunitaire.363/@individus.0,"Color {255, 0, 0}",,
14,14,365,0.0,0.0,0.0,364.0,test:/0/@dispositifs.0/@blocs.0/@parcellesunitaire.364/@individus.0,"Color {255, 0, 0}",,
14,13,366,0.0,0.0,0.0,365.0,test:/0/@dispositifs.0/@blocs.0/@parcellesunitaire.365/@individus.0,"Color {255, 0, 0}",,
14,12,367,0.0,0.0,0.0,366.0,test:/0/@dispositifs.0/@blocs.0/@parcellesunitaire.366/@individus.0,,,
14,11,368,0.0,0.0,0.0,367.0,test:/0/@dispositifs.0/@blocs.0/@parcellesunitaire.367/@individus.0,"Color {255, 0, 0}",,
14,10,369,0.0,0.0,0.0,368.0,test:/0/@dispositifs.0/@blocs.0/@parcellesunitaire.368/@individus.0,"Color {255, 0, 0}",,
14,9,370,0.0,0.0,0.0,369.0,test:/0/@dispositifs.0/@blocs.0/@parcellesunitaire.369/@individus.0,"Color {255, 0, 0}",,
14,8,371,0.0,0.0,0.0,370.0,test:/0/@dispositifs.0/@blocs.0/@parcellesunitaire.370/@individus.0,"Color {255, 0, 0}",,
14,7,372,0.0,0.0,0.0,371.0,test:/0/@dispositifs.0/@blocs.0/@parcellesunitaire.371/@individus.0,"Color {255, 0, 0}",,
14,6,373,0.0,0.0,0.0,372.0,test:/0/@dispositifs.0/@blocs.0/@parcellesunitaire.372/@individus.0,"Color {255, 0, 0}",,
14,5,374,0.0,0.0,0.0,373.0,test:/0/@dispositifs.0/@blocs.0/@parcellesunitaire.373/@individus.0,,,
14,4,375,0.0,0.0,0.0,374.0,test:/0/@dispositifs.0/@blocs.0/@parcellesunitaire.374/@individus.0,,,
14,3,376,0.0,0.0,0.0,375.0,test:/0/@dispositifs.0/@blocs.0/@parcellesunitaire.375/@individus.0,"Color {255, 0, 0}",,
14,2,377,0.0,0.0,0.0,376.0,test:/0/@dispositifs.0/@blocs.0/@parcellesunitaire.376/@individus.0,,,
14,1,378,0.0,0.0,0.0,377.0,test:/0/@dispositifs.0/@blocs.0/@parcellesunitaire.377/@individus.0,"Color {255, 0, 0}",,
15,1,379,0.0,0.0,0.0,378.0,test:/0/@dispositifs.0/@blocs.0/@parcellesunitaire.378/@individus.0,"Color {255, 0, 0}",,
15,2,380,0.0,0.0,0.0,379.0,test:/0/@dispositifs.0/@blocs.0/@parcellesunitaire.379/@individus.0,,,
15,3,381,0.0,0.0,0.0,380.0,test:/0/@dispositifs.0/@blocs.0/@parcellesunitaire.380/@individus.0,"Color {255, 0, 0}",,
15,4,382,0.0,0.0,0.0,381.0,test:/0/@dispositifs.0/@blocs.0/@parcellesunitaire.381/@individus.0,"Color {255, 0, 0}",,
15,5,383,0.0,0.0,0.0,382.0,test:/0/@dispositifs.0/@blocs.0/@parcellesunitaire.382/@individus.0,"Color {255, 0, 0}",,
15,6,384,0.0,0.0,0.0,383.0,test:/0/@dispositifs.0/@blocs.0/@parcellesunitaire.383/@individus.0,,,
15,7,385,0.0,0.0,0.0,384.0,test:/0/@dispositifs.0/@blocs.0/@parcellesunitaire.384/@individus.0,"Color {255, 0, 0}",,
15,8,386,0.0,0.0,0.0,385.0,test:/0/@dispositifs.0/@blocs.0/@parcellesunitaire.385/@individus.0,,,
15,9,387,0.0,0.0,0.0,386.0,test:/0/@dispositifs.0/@blocs.0/@parcellesunitaire.386/@individus.0,"Color {255, 0, 0}",,
15,10,388,0.0,0.0,0.0,387.0,test:/0/@dispositifs.0/@blocs.0/@parcellesunitaire.387/@individus.0,,,
15,11,389,0.0,0.0,0.0,388.0,test:/0/@dispositifs.0/@blocs.0/@parcellesunitaire.388/@individus.0,"Color {255, 0, 0}",,
15,12,390,0.0,0.0,0.0,389.0,test:/0/@dispositifs.0/@blocs.0/@parcellesunitaire.389/@individus.0,"Color {255, 0, 0}",,
15,13,391,0.0,0.0,0.0,390.0,test:/0/@dispositifs.0/@blocs.0/@parcellesunitaire.390/@individus.0,"Color {255, 0, 0}",,
15,14,392,0.0,0.0,0.0,391.0,test:/0/@dispositifs.0/@blocs.0/@parcellesunitaire.391/@individus.0,,,
15,15,393,0.0,0.0,0.0,392.0,test:/0/@dispositifs.0/@blocs.0/@parcellesunitaire.392/@individus.0,"Color {255, 0, 0}",,
15,16,394,0.0,0.0,0.0,393.0,test:/0/@dispositifs.0/@blocs.0/@parcellesunitaire.393/@individus.0,"Color {255, 0, 0}",,
15,17,395,0.0,0.0,0.0,394.0,test:/0/@dispositifs.0/@blocs.0/@parcellesunitaire.394/@individus.0,"Color {255, 0, 0}",,
15,18,396,0.0,0.0,0.0,395.0,test:/0/@dispositifs.0/@blocs.0/@parcellesunitaire.395/@individus.0,"Color {255, 0, 0}",,
15,19,397,0.0,0.0,0.0,396.0,test:/0/@dispositifs.0/@blocs.0/@parcellesunitaire.396/@individus.0,"Color {255, 0, 0}",,
15,20,398,0.0,0.0,0.0,397.0,test:/0/@dispositifs.0/@blocs.0/@parcellesunitaire.397/@individus.0,,,
15,21,399,0.0,0.0,0.0,398.0,test:/0/@dispositifs.0/@blocs.0/@parcellesunitaire.398/@individus.0,,,
15,22,400,0.0,0.0,0.0,399.0,test:/0/@dispositifs.0/@blocs.0/@parcellesunitaire.399/@individus.0,"Color {255, 0, 0}",,
15,23,401,0.0,0.0,0.0,400.0,test:/0/@dispositifs.0/@blocs.0/@parcellesunitaire.400/@individus.0,"Color {0, 255, 0}",,
15,24,402,0.0,0.0,0.0,401.0,test:/0/@dispositifs.0/@blocs.0/@parcellesunitaire.401/@individus.0,"Color {255, 0, 0}",,
15,25,403,0.0,0.0,0.0,402.0,test:/0/@dispositifs.0/@blocs.0/@parcellesunitaire.402/@individus.0,"Color {255, 0, 0}",,
15,26,404,0.0,0.0,0.0,403.0,test:/0/@dispositifs.0/@blocs.0/@parcellesunitaire.403/@individus.0,"Color {255, 0, 0}",,
15,27,405,0.0,0.0,0.0,404.0,test:/0/@dispositifs.0/@blocs.0/@parcellesunitaire.404/@individus.0,,,
16,27,406,0.0,0.0,0.0,405.0,test:/0/@dispositifs.0/@blocs.0/@parcellesunitaire.405/@individus.0,"Color {255, 0, 0}",,
16,26,407,0.0,0.0,0.0,406.0,test:/0/@dispositifs.0/@blocs.0/@parcellesunitaire.406/@individus.0,,,
16,25,408,0.0,0.0,0.0,407.0,test:/0/@dispositifs.0/@blocs.0/@parcellesunitaire.407/@individus.0,"Color {255, 0, 0}",,
16,24,409,0.0,0.0,0.0,408.0,test:/0/@dispositifs.0/@blocs.0/@parcellesunitaire.408/@individus.0,,,
16,23,410,0.0,0.0,0.0,409.0,test:/0/@dispositifs.0/@blocs.0/@parcellesunitaire.409/@individus.0,"Color {0, 255, 0}",,
16,22,411,0.0,0.0,0.0,410.0,test:/0/@dispositifs.0/@blocs.0/@parcellesunitaire.410/@individus.0,"Color {0, 255, 0}",,
16,21,412,0.0,0.0,0.0,411.0,test:/0/@dispositifs.0/@blocs.0/@parcellesunitaire.411/@individus.0,,,
16,20,413,0.0,0.0,0.0,412.0,test:/0/@dispositifs.0/@blocs.0/@parcellesunitaire.412/@individus.0,,,
16,19,414,0.0,0.0,0.0,413.0,test:/0/@dispositifs.0/@blocs.0/@parcellesunitaire.413/@individus.0,"Color {255, 0, 0}",,
16,18,415,0.0,0.0,0.0,414.0,test:/0/@dispositifs.0/@blocs.0/@parcellesunitaire.414/@individus.0,,,
16,17,416,0.0,0.0,0.0,415.0,test:/0/@dispositifs.0/@blocs.0/@parcellesunitaire.415/@individus.0,"Color {255, 0, 0}",,
16,16,417,0.0,0.0,0.0,416.0,test:/0/@dispositifs.0/@blocs.0/@parcellesunitaire.416/@individus.0,,,
16,15,418,0.0,0.0,0.0,417.0,test:/0/@dispositifs.0/@blocs.0/@parcellesunitaire.417/@individus.0,"Color {255, 0, 0}",,
16,14,419,0.0,0.0,0.0,418.0,test:/0/@dispositifs.0/@blocs.0/@parcellesunitaire.418/@individus.0,"Color {255, 0, 0}",,
16,13,420,0.0,0.0,0.0,419.0,test:/0/@dispositifs.0/@blocs.0/@parcellesunitaire.419/@individus.0,,,
16,12,421,0.0,0.0,0.0,420.0,test:/0/@dispositifs.0/@blocs.0/@parcellesunitaire.420/@individus.0,,,
16,11,422,0.0,0.0,0.0,421.0,test:/0/@dispositifs.0/@blocs.0/@parcellesunitaire.421/@individus.0,,,
16,10,423,0.0,0.0,0.0,422.0,test:/0/@dispositifs.0/@blocs.0/@parcellesunitaire.422/@individus.0,"Color {255, 0, 0}",,
16,9,424,0.0,0.0,0.0,423.0,test:/0/@dispositifs.0/@blocs.0/@parcellesunitaire.423/@individus.0,,,
16,8,425,0.0,0.0,0.0,424.0,test:/0/@dispositifs.0/@blocs.0/@parcellesunitaire.424/@individus.0,"Color {255, 0, 0}",,
16,7,426,0.0,0.0,0.0,425.0,test:/0/@dispositifs.0/@blocs.0/@parcellesunitaire.425/@individus.0,,,
16,6,427,0.0,0.0,0.0,426.0,test:/0/@dispositifs.0/@blocs.0/@parcellesunitaire.426/@individus.0,,,
16,5,428,0.0,0.0,0.0,427.0,test:/0/@dispositifs.0/@blocs.0/@parcellesunitaire.427/@individus.0,"Color {255, 0, 0}",,
16,4,429,0.0,0.0,0.0,428.0,test:/0/@dispositifs.0/@blocs.0/@parcellesunitaire.428/@individus.0,"Color {255, 0, 0}",,
16,3,430,0.0,0.0,0.0,429.0,test:/0/@dispositifs.0/@blocs.0/@parcellesunitaire.429/@individus.0,"Color {255, 0, 0}",,
16,2,431,0.0,0.0,0.0,430.0,test:/0/@dispositifs.0/@blocs.0/@parcellesunitaire.430/@individus.0,,,
16,1,432,0.0,0.0,0.0,431.0,test:/0/@dispositifs.0/@blocs.0/@parcellesunitaire.431/@individus.0,,,
17,1,433,0.0,0.0,0.0,432.0,test:/0/@dispositifs.0/@blocs.0/@parcellesunitaire.432/@individus.0,,,
17,2,434,0.0,0.0,0.0,433.0,test:/0/@dispositifs.0/@blocs.0/@parcellesunitaire.433/@individus.0,,,
17,3,435,0.0,0.0,0.0,434.0,test:/0/@dispositifs.0/@blocs.0/@parcellesunitaire.434/@individus.0,"Color {255, 0, 0}",,
17,4,436,0.0,0.0,0.0,435.0,test:/0/@dispositifs.0/@blocs.0/@parcellesunitaire.435/@individus.0,"Color {255, 0, 0}",,
17,5,437,0.0,0.0,0.0,436.0,test:/0/@dispositifs.0/@blocs.0/@parcellesunitaire.436/@individus.0,"Color {255, 0, 0}",,
17,6,438,0.0,0.0,0.0,437.0,test:/0/@dispositifs.0/@blocs.0/@parcellesunitaire.437/@individus.0,"Color {255, 0, 0}",,
17,7,439,0.0,0.0,0.0,438.0,test:/0/@dispositifs.0/@blocs.0/@parcellesunitaire.438/@individus.0,"Color {255, 0, 0}",,
17,8,440,0.0,0.0,0.0,439.0,test:/0/@dispositifs.0/@blocs.0/@parcellesunitaire.439/@individus.0,"Color {255, 0, 0}",,
17,9,441,0.0,0.0,0.0,440.0,test:/0/@dispositifs.0/@blocs.0/@parcellesunitaire.440/@individus.0,"Color {255, 0, 0}",,
17,10,442,0.0,0.0,0.0,441.0,test:/0/@dispositifs.0/@blocs.0/@parcellesunitaire.441/@individus.0,"Color {255, 0, 0}",,
17,11,443,0.0,0.0,0.0,442.0,test:/0/@dispositifs.0/@blocs.0/@parcellesunitaire.442/@individus.0,,,
17,12,444,0.0,0.0,0.0,443.0,test:/0/@dispositifs.0/@blocs.0/@parcellesunitaire.443/@individus.0,,,
17,13,445,0.0,0.0,0.0,444.0,test:/0/@dispositifs.0/@blocs.0/@parcellesunitaire.444/@individus.0,,,
17,14,446,0.0,0.0,0.0,445.0,test:/0/@dispositifs.0/@blocs.0/@parcellesunitaire.445/@individus.0,,,
17,15,447,0.0,0.0,0.0,446.0,test:/0/@dispositifs.0/@blocs.0/@parcellesunitaire.446/@individus.0,"Color {255, 0, 0}",,
17,16,448,0.0,0.0,0.0,447.0,test:/0/@dispositifs.0/@blocs.0/@parcellesunitaire.447/@individus.0,,,
17,17,449,0.0,0.0,0.0,448.0,test:/0/@dispositifs.0/@blocs.0/@parcellesunitaire.448/@individus.0,,,
17,18,450,0.0,0.0,0.0,449.0,test:/0/@dispositifs.0/@blocs.0/@parcellesunitaire.449/@individus.0,,,
17,19,451,0.0,0.0,0.0,450.0,test:/0/@dispositifs.0/@blocs.0/@parcellesunitaire.450/@individus.0,,,
17,20,452,0.0,0.0,0.0,451.0,test:/0/@dispositifs.0/@blocs.0/@parcellesunitaire.451/@individus.0,,,
17,21,453,0.0,0.0,0.0,452.0,test:/0/@dispositifs.0/@blocs.0/@parcellesunitaire.452/@individus.0,,,
17,22,454,0.0,0.0,0.0,453.0,test:/0/@dispositifs.0/@blocs.0/@parcellesunitaire.453/@individus.0,"Color {255, 0, 0}",,
17,23,455,0.0,0.0,0.0,454.0,test:/0/@dispositifs.0/@blocs.0/@parcellesunitaire.454/@individus.0,,,
17,24,456,0.0,0.0,0.0,455.0,test:/0/@dispositifs.0/@blocs.0/@parcellesunitaire.455/@individus.0,,,
17,25,457,0.0,0.0,0.0,456.0,test:/0/@dispositifs.0/@blocs.0/@parcellesunitaire.456/@individus.0,"Color {255, 0, 0}",,
17,26,458,0.0,0.0,0.0,457.0,test:/0/@dispositifs.0/@blocs.0/@parcellesunitaire.457/@individus.0,,,
17,27,459,0.0,0.0,0.0,458.0,test:/0/@dispositifs.0/@blocs.0/@parcellesunitaire.458/@individus.0,,,
18,27,460,0.0,0.0,0.0,459.0,test:/0/@dispositifs.0/@blocs.0/@parcellesunitaire.459/@individus.0,,,
18,26,461,0.0,0.0,0.0,460.0,test:/0/@dispositifs.0/@blocs.0/@parcellesunitaire.460/@individus.0,,,
18,25,462,0.0,0.0,0.0,461.0,test:/0/@dispositifs.0/@blocs.0/@parcellesunitaire.461/@individus.0,"Color {255, 0, 0}",,
18,24,463,0.0,0.0,0.0,462.0,test:/0/@dispositifs.0/@blocs.0/@parcellesunitaire.462/@individus.0,,,
18,23,464,0.0,0.0,0.0,463.0,test:/0/@dispositifs.0/@blocs.0/@parcellesunitaire.463/@individus.0,,,
18,22,465,0.0,0.0,0.0,464.0,test:/0/@dispositifs.0/@blocs.0/@parcellesunitaire.464/@individus.0,,,
18,21,466,0.0,0.0,0.0,465.0,test:/0/@dispositifs.0/@blocs.0/@parcellesunitaire.465/@individus.0,,,
18,20,467,0.0,0.0,0.0,466.0,test:/0/@dispositifs.0/@blocs.0/@parcellesunitaire.466/@individus.0,,,
18,19,468,0.0,0.0,0.0,467.0,test:/0/@dispositifs.0/@blocs.0/@parcellesunitaire.467/@individus.0,,,
18,18,469,0.0,0.0,0.0,468.0,test:/0/@dispositifs.0/@blocs.0/@parcellesunitaire.468/@individus.0,,,
18,17,470,0.0,0.0,0.0,469.0,test:/0/@dispositifs.0/@blocs.0/@parcellesunitaire.469/@individus.0,,,
18,16,471,0.0,0.0,0.0,470.0,test:/0/@dispositifs.0/@blocs.0/@parcellesunitaire.470/@individus.0,"Color {255, 0, 0}",,
18,15,472,0.0,0.0,0.0,471.0,test:/0/@dispositifs.0/@blocs.0/@parcellesunitaire.471/@individus.0,,,
18,14,473,0.0,0.0,0.0,472.0,test:/0/@dispositifs.0/@blocs.0/@parcellesunitaire.472/@individus.0,,,
18,13,474,0.0,0.0,0.0,473.0,test:/0/@dispositifs.0/@blocs.0/@parcellesunitaire.473/@individus.0,,,
18,12,475,0.0,0.0,0.0,474.0,test:/0/@dispositifs.0/@blocs.0/@parcellesunitaire.474/@individus.0,,,
18,11,476,0.0,0.0,0.0,475.0,test:/0/@dispositifs.0/@blocs.0/@parcellesunitaire.475/@individus.0,"Color {255, 0, 0}",,
18,10,477,0.0,0.0,0.0,476.0,test:/0/@dispositifs.0/@blocs.0/@parcellesunitaire.476/@individus.0,,,
18,9,478,0.0,0.0,0.0,477.0,test:/0/@dispositifs.0/@blocs.0/@parcellesunitaire.477/@individus.0,,,
18,8,479,0.0,0.0,0.0,478.0,test:/0/@dispositifs.0/@blocs.0/@parcellesunitaire.478/@individus.0,"Color {255, 0, 0}",,
18,7,480,0.0,0.0,0.0,479.0,test:/0/@dispositifs.0/@blocs.0/@parcellesunitaire.479/@individus.0,,,
18,6,481,0.0,0.0,0.0,480.0,test:/0/@dispositifs.0/@blocs.0/@parcellesunitaire.480/@individus.0,"Color {255, 0, 0}",,
18,5,482,0.0,0.0,0.0,481.0,test:/0/@dispositifs.0/@blocs.0/@parcellesunitaire.481/@individus.0,,,
18,4,483,0.0,0.0,0.0,482.0,test:/0/@dispositifs.0/@blocs.0/@parcellesunitaire.482/@individus.0,"Color {255, 0, 0}",,
18,3,484,0.0,0.0,0.0,483.0,test:/0/@dispositifs.0/@blocs.0/@parcellesunitaire.483/@individus.0,"Color {0, 255, 0}",,
18,2,485,0.0,0.0,0.0,484.0,test:/0/@dispositifs.0/@blocs.0/@parcellesunitaire.484/@individus.0,,,
18,1,486,0.0,0.0,0.0,485.0,test:/0/@dispositifs.0/@blocs.0/@parcellesunitaire.485/@individus.0,"Color {0, 255, 0}",,
19,1,487,0.0,0.0,0.0,486.0,test:/0/@dispositifs.0/@blocs.0/@parcellesunitaire.486/@individus.0,,,
19,2,488,0.0,0.0,0.0,487.0,test:/0/@dispositifs.0/@blocs.0/@parcellesunitaire.487/@individus.0,"Color {255, 0, 0}",,
19,3,489,0.0,0.0,0.0,488.0,test:/0/@dispositifs.0/@blocs.0/@parcellesunitaire.488/@individus.0,,,
19,4,490,0.0,0.0,0.0,489.0,test:/0/@dispositifs.0/@blocs.0/@parcellesunitaire.489/@individus.0,"Color {255, 0, 0}",,
19,5,491,0.0,0.0,0.0,490.0,test:/0/@dispositifs.0/@blocs.0/@parcellesunitaire.490/@individus.0,"Color {255, 0, 0}",,
19,6,492,0.0,0.0,0.0,491.0,test:/0/@dispositifs.0/@blocs.0/@parcellesunitaire.491/@individus.0,,,
19,7,493,0.0,0.0,0.0,492.0,test:/0/@dispositifs.0/@blocs.0/@parcellesunitaire.492/@individus.0,,,
19,8,494,0.0,0.0,0.0,493.0,test:/0/@dispositifs.0/@blocs.0/@parcellesunitaire.493/@individus.0,"Color {255, 0, 0}",,
19,9,495,0.0,0.0,0.0,494.0,test:/0/@dispositifs.0/@blocs.0/@parcellesunitaire.494/@individus.0,,,
19,10,496,0.0,0.0,0.0,495.0,test:/0/@dispositifs.0/@blocs.0/@parcellesunitaire.495/@individus.0,"Color {255, 0, 0}",,
19,11,497,0.0,0.0,0.0,496.0,test:/0/@dispositifs.0/@blocs.0/@parcellesunitaire.496/@individus.0,"Color {255, 0, 0}",,
19,12,498,0.0,0.0,0.0,497.0,test:/0/@dispositifs.0/@blocs.0/@parcellesunitaire.497/@individus.0,"Color {255, 0, 0}",,
19,13,499,0.0,0.0,0.0,498.0,test:/0/@dispositifs.0/@blocs.0/@parcellesunitaire.498/@individus.0,"Color {255, 0, 0}",,
19,14,500,0.0,0.0,0.0,499.0,test:/0/@dispositifs.0/@blocs.0/@parcellesunitaire.499/@individus.0,,,
19,15,501,0.0,0.0,0.0,500.0,test:/0/@dispositifs.0/@blocs.0/@parcellesunitaire.500/@individus.0,,,
19,16,502,0.0,0.0,0.0,501.0,test:/0/@dispositifs.0/@blocs.0/@parcellesunitaire.501/@individus.0,,,
19,17,503,0.0,0.0,0.0,502.0,test:/0/@dispositifs.0/@blocs.0/@parcellesunitaire.502/@individus.0,"Color {255, 0, 0}",,
19,18,504,0.0,0.0,0.0,503.0,test:/0/@dispositifs.0/@blocs.0/@parcellesunitaire.503/@individus.0,,,
19,19,505,0.0,0.0,0.0,504.0,test:/0/@dispositifs.0/@blocs.0/@parcellesunitaire.504/@individus.0,,,
19,20,506,0.0,0.0,0.0,505.0,test:/0/@dispositifs.0/@blocs.0/@parcellesunitaire.505/@individus.0,,,
19,21,507,0.0,0.0,0.0,506.0,test:/0/@dispositifs.0/@blocs.0/@parcellesunitaire.506/@individus.0,"Color {255, 0, 0}",,
19,22,508,0.0,0.0,0.0,507.0,test:/0/@dispositifs.0/@blocs.0/@parcellesunitaire.507/@individus.0,"Color {255, 0, 0}",,
19,23,509,0.0,0.0,0.0,508.0,test:/0/@dispositifs.0/@blocs.0/@parcellesunitaire.508/@individus.0,"Color {0, 255, 0}",,
19,24,510,0.0,0.0,0.0,509.0,test:/0/@dispositifs.0/@blocs.0/@parcellesunitaire.509/@individus.0,,,
19,25,511,0.0,0.0,0.0,510.0,test:/0/@dispositifs.0/@blocs.0/@parcellesunitaire.510/@individus.0,,,
19,26,512,0.0,0.0,0.0,511.0,test:/0/@dispositifs.0/@blocs.0/@parcellesunitaire.511/@individus.0,,,
19,27,513,0.0,0.0,0.0,512.0,test:/0/@dispositifs.0/@blocs.0/@parcellesunitaire.512/@individus.0,,,
20,27,514,0.0,0.0,0.0,513.0,test:/0/@dispositifs.0/@blocs.0/@parcellesunitaire.513/@individus.0,,,
20,26,515,0.0,0.0,0.0,514.0,test:/0/@dispositifs.0/@blocs.0/@parcellesunitaire.514/@individus.0,,,
20,25,516,0.0,0.0,0.0,515.0,test:/0/@dispositifs.0/@blocs.0/@parcellesunitaire.515/@individus.0,,,
20,24,517,0.0,0.0,0.0,516.0,test:/0/@dispositifs.0/@blocs.0/@parcellesunitaire.516/@individus.0,"Color {255, 0, 0}",,
20,23,518,0.0,0.0,0.0,517.0,test:/0/@dispositifs.0/@blocs.0/@parcellesunitaire.517/@individus.0,"Color {0, 255, 0}",,
20,22,519,0.0,0.0,0.0,518.0,test:/0/@dispositifs.0/@blocs.0/@parcellesunitaire.518/@individus.0,"Color {0, 255, 0}",,
20,21,520,0.0,0.0,0.0,519.0,test:/0/@dispositifs.0/@blocs.0/@parcellesunitaire.519/@individus.0,,,
20,20,521,0.0,0.0,0.0,520.0,test:/0/@dispositifs.0/@blocs.0/@parcellesunitaire.520/@individus.0,,,
20,19,522,0.0,0.0,0.0,521.0,test:/0/@dispositifs.0/@blocs.0/@parcellesunitaire.521/@individus.0,,,
20,18,523,0.0,0.0,0.0,522.0,test:/0/@dispositifs.0/@blocs.0/@parcellesunitaire.522/@individus.0,,,
20,17,524,0.0,0.0,0.0,523.0,test:/0/@dispositifs.0/@blocs.0/@parcellesunitaire.523/@individus.0,"Color {255, 0, 0}",,
20,16,525,0.0,0.0,0.0,524.0,test:/0/@dispositifs.0/@blocs.0/@parcellesunitaire.524/@individus.0,,,
20,15,526,0.0,0.0,0.0,525.0,test:/0/@dispositifs.0/@blocs.0/@parcellesunitaire.525/@individus.0,,,
20,14,527,0.0,0.0,0.0,526.0,test:/0/@dispositifs.0/@blocs.0/@parcellesunitaire.526/@individus.0,,,
20,13,528,0.0,0.0,0.0,527.0,test:/0/@dispositifs.0/@blocs.0/@parcellesunitaire.527/@individus.0,,,
20,12,529,0.0,0.0,0.0,528.0,test:/0/@dispositifs.0/@blocs.0/@parcellesunitaire.528/@individus.0,"Color {255, 0, 0}",,
20,11,530,0.0,0.0,0.0,529.0,test:/0/@dispositifs.0/@blocs.0/@parcellesunitaire.529/@individus.0,,,
20,10,531,0.0,0.0,0.0,530.0,test:/0/@dispositifs.0/@blocs.0/@parcellesunitaire.530/@individus.0,"Color {0, 255, 0}",,
20,9,532,0.0,0.0,0.0,531.0,test:/0/@dispositifs.0/@blocs.0/@parcellesunitaire.531/@individus.0,,,
20,8,533,0.0,0.0,0.0,532.0,test:/0/@dispositifs.0/@blocs.0/@parcellesunitaire.532/@individus.0,"Color {255, 0, 0}",,
20,7,534,0.0,0.0,0.0,533.0,test:/0/@dispositifs.0/@blocs.0/@parcellesunitaire.533/@individus.0,"Color {255, 0, 0}",,
20,6,535,0.0,0.0,0.0,534.0,test:/0/@dispositifs.0/@blocs.0/@parcellesunitaire.534/@individus.0,,,
20,5,536,0.0,0.0,0.0,535.0,test:/0/@dispositifs.0/@blocs.0/@parcellesunitaire.535/@individus.0,"Color {255, 0, 0}",,
20,4,537,0.0,0.0,0.0,536.0,test:/0/@dispositifs.0/@blocs.0/@parcellesunitaire.536/@individus.0,,,
20,3,538,0.0,0.0,0.0,537.0,test:/0/@dispositifs.0/@blocs.0/@parcellesunitaire.537/@individus.0,"Color {255, 0, 0}",,
20,2,539,0.0,0.0,0.0,538.0,test:/0/@dispositifs.0/@blocs.0/@parcellesunitaire.538/@individus.0,"Color {255, 0, 0}",,
20,1,540,0.0,0.0,0.0,539.0,test:/0/@dispositifs.0/@blocs.0/@parcellesunitaire.539/@individus.0,,,
21,1,541,0.0,0.0,0.0,540.0,test:/0/@dispositifs.0/@blocs.0/@parcellesunitaire.540/@individus.0,,,
21,2,542,0.0,0.0,0.0,541.0,test:/0/@dispositifs.0/@blocs.0/@parcellesunitaire.541/@individus.0,,,
21,3,543,0.0,0.0,0.0,542.0,test:/0/@dispositifs.0/@blocs.0/@parcellesunitaire.542/@individus.0,,,
21,4,544,0.0,0.0,0.0,543.0,test:/0/@dispositifs.0/@blocs.0/@parcellesunitaire.543/@individus.0,"Color {255, 0, 0}",,
21,5,545,0.0,0.0,0.0,544.0,test:/0/@dispositifs.0/@blocs.0/@parcellesunitaire.544/@individus.0,,,
21,6,546,0.0,0.0,0.0,545.0,test:/0/@dispositifs.0/@blocs.0/@parcellesunitaire.545/@individus.0,,,
21,7,547,0.0,0.0,0.0,546.0,test:/0/@dispositifs.0/@blocs.0/@parcellesunitaire.546/@individus.0,"Color {255, 0, 0}",,
21,8,548,0.0,0.0,0.0,547.0,test:/0/@dispositifs.0/@blocs.0/@parcellesunitaire.547/@individus.0,,,
21,9,549,0.0,0.0,0.0,548.0,test:/0/@dispositifs.0/@blocs.0/@parcellesunitaire.548/@individus.0,"Color {255, 0, 0}",,
21,10,550,0.0,0.0,0.0,549.0,test:/0/@dispositifs.0/@blocs.0/@parcellesunitaire.549/@individus.0,,,
21,11,551,0.0,0.0,0.0,550.0,test:/0/@dispositifs.0/@blocs.0/@parcellesunitaire.550/@individus.0,"Color {255, 0, 0}",,
21,12,552,0.0,0.0,0.0,551.0,test:/0/@dispositifs.0/@blocs.0/@parcellesunitaire.551/@individus.0,"Color {255, 0, 0}",,
21,13,553,0.0,0.0,0.0,552.0,test:/0/@dispositifs.0/@blocs.0/@parcellesunitaire.552/@individus.0,"Color {255, 0, 0}",,
21,14,554,0.0,0.0,0.0,553.0,test:/0/@dispositifs.0/@blocs.0/@parcellesunitaire.553/@individus.0,"Color {255, 0, 0}",,
21,15,555,0.0,0.0,0.0,554.0,test:/0/@dispositifs.0/@blocs.0/@parcellesunitaire.554/@individus.0,,,
21,16,556,0.0,0.0,0.0,555.0,test:/0/@dispositifs.0/@blocs.0/@parcellesunitaire.555/@individus.0,"Color {255, 0, 0}",,
21,17,557,0.0,0.0,0.0,556.0,test:/0/@dispositifs.0/@blocs.0/@parcellesunitaire.556/@individus.0,"Color {255, 0, 0}",,
21,18,558,0.0,0.0,0.0,557.0,test:/0/@dispositifs.0/@blocs.0/@parcellesunitaire.557/@individus.0,"Color {255, 0, 0}",,
21,19,559,0.0,0.0,0.0,558.0,test:/0/@dispositifs.0/@blocs.0/@parcellesunitaire.558/@individus.0,"Color {255, 0, 0}",,
21,20,560,0.0,0.0,0.0,559.0,test:/0/@dispositifs.0/@blocs.0/@parcellesunitaire.559/@individus.0,,,
21,21,561,0.0,0.0,0.0,560.0,test:/0/@dispositifs.0/@blocs.0/@parcellesunitaire.560/@individus.0,"Color {255, 0, 0}",,
21,22,562,0.0,0.0,0.0,561.0,test:/0/@dispositifs.0/@blocs.0/@parcellesunitaire.561/@individus.0,"Color {255, 0, 0}",,
21,23,563,0.0,0.0,0.0,562.0,test:/0/@dispositifs.0/@blocs.0/@parcellesunitaire.562/@individus.0,"Color {255, 0, 0}",,
21,24,564,0.0,0.0,0.0,563.0,test:/0/@dispositifs.0/@blocs.0/@parcellesunitaire.563/@individus.0,"Color {255, 0, 0}",,
21,25,565,0.0,0.0,0.0,564.0,test:/0/@dispositifs.0/@blocs.0/@parcellesunitaire.564/@individus.0,,,
21,26,566,0.0,0.0,0.0,565.0,test:/0/@dispositifs.0/@blocs.0/@parcellesunitaire.565/@individus.0,"Color {255, 0, 0}",,
21,27,567,0.0,0.0,0.0,566.0,test:/0/@dispositifs.0/@blocs.0/@parcellesunitaire.566/@individus.0,,,
31,16,568,0.0,0.0,0.0,567.0,test:/0/@dispositifs.0/@blocs.0/@parcellesunitaire.567/@individus.0,"Color {255, 0, 0}",,
31,15,569,0.0,0.0,0.0,568.0,test:/0/@dispositifs.0/@blocs.0/@parcellesunitaire.568/@individus.0,,,
31,14,570,0.0,0.0,0.0,569.0,test:/0/@dispositifs.0/@blocs.0/@parcellesunitaire.569/@individus.0,,,
31,13,571,0.0,0.0,0.0,570.0,test:/0/@dispositifs.0/@blocs.0/@parcellesunitaire.570/@individus.0,,,
31,12,572,0.0,0.0,0.0,571.0,test:/0/@dispositifs.0/@blocs.0/@parcellesunitaire.571/@individus.0,,,
31,11,573,0.0,0.0,0.0,572.0,test:/0/@dispositifs.0/@blocs.0/@parcellesunitaire.572/@individus.0,,,
31,10,574,0.0,0.0,0.0,573.0,test:/0/@dispositifs.0/@blocs.0/@parcellesunitaire.573/@individus.0,,,
31,9,575,0.0,0.0,0.0,574.0,test:/0/@dispositifs.0/@blocs.0/@parcellesunitaire.574/@individus.0,,,
31,8,576,0.0,0.0,0.0,575.0,test:/0/@dispositifs.0/@blocs.0/@parcellesunitaire.575/@individus.0,,,
31,7,577,0.0,0.0,0.0,576.0,test:/0/@dispositifs.0/@blocs.0/@parcellesunitaire.576/@individus.0,,,
31,6,578,0.0,0.0,0.0,577.0,test:/0/@dispositifs.0/@blocs.0/@parcellesunitaire.577/@individus.0,,,
31,5,579,0.0,0.0,0.0,578.0,test:/0/@dispositifs.0/@blocs.0/@parcellesunitaire.578/@individus.0,"Color {255, 0, 0}",,
31,4,580,0.0,0.0,0.0,579.0,test:/0/@dispositifs.0/@blocs.0/@parcellesunitaire.579/@individus.0,,,
31,3,581,0.0,0.0,0.0,580.0,test:/0/@dispositifs.0/@blocs.0/@parcellesunitaire.580/@individus.0,"Color {255, 0, 0}",,
31,2,582,0.0,0.0,0.0,581.0,test:/0/@dispositifs.0/@blocs.0/@parcellesunitaire.581/@individus.0,,,
31,1,583,0.0,0.0,0.0,582.0,test:/0/@dispositifs.0/@blocs.0/@parcellesunitaire.582/@individus.0,,,
32,1,584,0.0,0.0,0.0,583.0,test:/0/@dispositifs.0/@blocs.0/@parcellesunitaire.583/@individus.0,,,
32,2,585,0.0,0.0,0.0,584.0,test:/0/@dispositifs.0/@blocs.0/@parcellesunitaire.584/@individus.0,,,
32,3,586,0.0,0.0,0.0,585.0,test:/0/@dispositifs.0/@blocs.0/@parcellesunitaire.585/@individus.0,,,
32,4,587,0.0,0.0,0.0,586.0,test:/0/@dispositifs.0/@blocs.0/@parcellesunitaire.586/@individus.0,,,
32,5,588,0.0,0.0,0.0,587.0,test:/0/@dispositifs.0/@blocs.0/@parcellesunitaire.587/@individus.0,"Color {255, 0, 0}",,
32,6,589,0.0,0.0,0.0,588.0,test:/0/@dispositifs.0/@blocs.0/@parcellesunitaire.588/@individus.0,"Color {255, 0, 0}",,
32,7,590,0.0,0.0,0.0,589.0,test:/0/@dispositifs.0/@blocs.0/@parcellesunitaire.589/@individus.0,"Color {0, 255, 0}",,
32,8,591,0.0,0.0,0.0,590.0,test:/0/@dispositifs.0/@blocs.0/@parcellesunitaire.590/@individus.0,"Color {0, 255, 0}",,
32,9,592,0.0,0.0,0.0,591.0,test:/0/@dispositifs.0/@blocs.0/@parcellesunitaire.591/@individus.0,,,
32,10,593,0.0,0.0,0.0,592.0,test:/0/@dispositifs.0/@blocs.0/@parcellesunitaire.592/@individus.0,,,
32,11,594,0.0,0.0,0.0,593.0,test:/0/@dispositifs.0/@blocs.0/@parcellesunitaire.593/@individus.0,,,
32,12,595,0.0,0.0,0.0,594.0,test:/0/@dispositifs.0/@blocs.0/@parcellesunitaire.594/@individus.0,,,
32,13,596,0.0,0.0,0.0,595.0,test:/0/@dispositifs.0/@blocs.0/@parcellesunitaire.595/@individus.0,,,
32,14,597,0.0,0.0,0.0,596.0,test:/0/@dispositifs.0/@blocs.0/@parcellesunitaire.596/@individus.0,,,
32,15,598,0.0,0.0,0.0,597.0,test:/0/@dispositifs.0/@blocs.0/@parcellesunitaire.597/@individus.0,,,
32,16,599,0.0,0.0,0.0,598.0,test:/0/@dispositifs.0/@blocs.0/@parcellesunitaire.598/@individus.0,,,
33,16,600,0.0,0.0,0.0,599.0,test:/0/@dispositifs.0/@blocs.0/@parcellesunitaire.599/@individus.0,,,
33,15,601,0.0,0.0,0.0,600.0,test:/0/@dispositifs.0/@blocs.0/@parcellesunitaire.600/@individus.0,,,
33,14,602,0.0,0.0,0.0,601.0,test:/0/@dispositifs.0/@blocs.0/@parcellesunitaire.601/@individus.0,,,
33,13,603,0.0,0.0,0.0,602.0,test:/0/@dispositifs.0/@blocs.0/@parcellesunitaire.602/@individus.0,,,
33,12,604,0.0,0.0,0.0,603.0,test:/0/@dispositifs.0/@blocs.0/@parcellesunitaire.603/@individus.0,"Color {255, 0, 0}",,
33,11,605,0.0,0.0,0.0,604.0,test:/0/@dispositifs.0/@blocs.0/@parcellesunitaire.604/@individus.0,"Color {255, 0, 0}",,
33,10,606,0.0,0.0,0.0,605.0,test:/0/@dispositifs.0/@blocs.0/@parcellesunitaire.605/@individus.0,,,
33,9,607,0.0,0.0,0.0,606.0,test:/0/@dispositifs.0/@blocs.0/@parcellesunitaire.606/@individus.0,,,
33,8,608,0.0,0.0,0.0,607.0,test:/0/@dispositifs.0/@blocs.0/@parcellesunitaire.607/@individus.0,"Color {255, 0, 0}",,
33,7,609,0.0,0.0,0.0,608.0,test:/0/@dispositifs.0/@blocs.0/@parcellesunitaire.608/@individus.0,"Color {255, 0, 0}",,
33,6,610,0.0,0.0,0.0,609.0,test:/0/@dispositifs.0/@blocs.0/@parcellesunitaire.609/@individus.0,"Color {255, 0, 0}",,
33,5,611,0.0,0.0,0.0,610.0,test:/0/@dispositifs.0/@blocs.0/@parcellesunitaire.610/@individus.0,,,
33,4,612,0.0,0.0,0.0,611.0,test:/0/@dispositifs.0/@blocs.0/@parcellesunitaire.611/@individus.0,,,
33,3,613,0.0,0.0,0.0,612.0,test:/0/@dispositifs.0/@blocs.0/@parcellesunitaire.612/@individus.0,,,
33,2,614,0.0,0.0,0.0,613.0,test:/0/@dispositifs.0/@blocs.0/@parcellesunitaire.613/@individus.0,,,
33,1,615,0.0,0.0,0.0,614.0,test:/0/@dispositifs.0/@blocs.0/@parcellesunitaire.614/@individus.0,,,
34,1,616,0.0,0.0,0.0,615.0,test:/0/@dispositifs.0/@blocs.0/@parcellesunitaire.615/@individus.0,,,
34,2,617,0.0,0.0,0.0,616.0,test:/0/@dispositifs.0/@blocs.0/@parcellesunitaire.616/@individus.0,"Color {255, 0, 0}",,
34,3,618,0.0,0.0,0.0,617.0,test:/0/@dispositifs.0/@blocs.0/@parcellesunitaire.617/@individus.0,,,
34,4,619,0.0,0.0,0.0,618.0,test:/0/@dispositifs.0/@blocs.0/@parcellesunitaire.618/@individus.0,"Color {255, 0, 0}",,
34,5,620,0.0,0.0,0.0,619.0,test:/0/@dispositifs.0/@blocs.0/@parcellesunitaire.619/@individus.0,,,
34,6,621,0.0,0.0,0.0,620.0,test:/0/@dispositifs.0/@blocs.0/@parcellesunitaire.620/@individus.0,"Color {255, 0, 0}",,
34,7,622,0.0,0.0,0.0,621.0,test:/0/@dispositifs.0/@blocs.0/@parcellesunitaire.621/@individus.0,,,
34,8,623,0.0,0.0,0.0,622.0,test:/0/@dispositifs.0/@blocs.0/@parcellesunitaire.622/@individus.0,"Color {255, 0, 0}",,
34,9,624,0.0,0.0,0.0,623.0,test:/0/@dispositifs.0/@blocs.0/@parcellesunitaire.623/@individus.0,"Color {255, 0, 0}",,
34,10,625,0.0,0.0,0.0,624.0,test:/0/@dispositifs.0/@blocs.0/@parcellesunitaire.624/@individus.0,,,
34,11,626,0.0,0.0,0.0,625.0,test:/0/@dispositifs.0/@blocs.0/@parcellesunitaire.625/@individus.0,,,
34,12,627,0.0,0.0,0.0,626.0,test:/0/@dispositifs.0/@blocs.0/@parcellesunitaire.626/@individus.0,,,
34,13,628,0.0,0.0,0.0,627.0,test:/0/@dispositifs.0/@blocs.0/@parcellesunitaire.627/@individus.0,,,
34,14,629,0.0,0.0,0.0,628.0,test:/0/@dispositifs.0/@blocs.0/@parcellesunitaire.628/@individus.0,,,
34,15,630,0.0,0.0,0.0,629.0,test:/0/@dispositifs.0/@blocs.0/@parcellesunitaire.629/@individus.0,,,
34,16,631,0.0,0.0,0.0,630.0,test:/0/@dispositifs.0/@blocs.0/@parcellesunitaire.630/@individus.0,"Color {255, 0, 0}",,
35,16,632,0.0,0.0,0.0,631.0,test:/0/@dispositifs.0/@blocs.0/@parcellesunitaire.631/@individus.0,"Color {255, 0, 0}",,
35,15,633,0.0,0.0,0.0,632.0,test:/0/@dispositifs.0/@blocs.0/@parcellesunitaire.632/@individus.0,,,
35,14,634,0.0,0.0,0.0,633.0,test:/0/@dispositifs.0/@blocs.0/@parcellesunitaire.633/@individus.0,,,
35,13,635,0.0,0.0,0.0,634.0,test:/0/@dispositifs.0/@blocs.0/@parcellesunitaire.634/@individus.0,"Color {255, 0, 0}",,
35,12,636,0.0,0.0,0.0,635.0,test:/0/@dispositifs.0/@blocs.0/@parcellesunitaire.635/@individus.0,,,
35,11,637,0.0,0.0,0.0,636.0,test:/0/@dispositifs.0/@blocs.0/@parcellesunitaire.636/@individus.0,,,
35,10,638,0.0,0.0,0.0,637.0,test:/0/@dispositifs.0/@blocs.0/@parcellesunitaire.637/@individus.0,,,
35,9,639,0.0,0.0,0.0,638.0,test:/0/@dispositifs.0/@blocs.0/@parcellesunitaire.638/@individus.0,,,
35,8,640,0.0,0.0,0.0,639.0,test:/0/@dispositifs.0/@blocs.0/@parcellesunitaire.639/@individus.0,,,
35,7,641,0.0,0.0,0.0,640.0,test:/0/@dispositifs.0/@blocs.0/@parcellesunitaire.640/@individus.0,,,
35,6,642,0.0,0.0,0.0,641.0,test:/0/@dispositifs.0/@blocs.0/@parcellesunitaire.641/@individus.0,,,
35,5,643,0.0,0.0,0.0,642.0,test:/0/@dispositifs.0/@blocs.0/@parcellesunitaire.642/@individus.0,"Color {0, 255, 0}",,
35,4,644,0.0,0.0,0.0,643.0,test:/0/@dispositifs.0/@blocs.0/@parcellesunitaire.643/@individus.0,,,
35,3,645,0.0,0.0,0.0,644.0,test:/0/@dispositifs.0/@blocs.0/@parcellesunitaire.644/@individus.0,,,
35,2,646,0.0,0.0,0.0,645.0,test:/0/@dispositifs.0/@blocs.0/@parcellesunitaire.645/@individus.0,,,
35,1,647,0.0,0.0,0.0,646.0,test:/0/@dispositifs.0/@blocs.0/@parcellesunitaire.646/@individus.0,"Color {255, 0, 0}",,
36,1,648,0.0,0.0,0.0,647.0,test:/0/@dispositifs.0/@blocs.0/@parcellesunitaire.647/@individus.0,,,
36,2,649,0.0,0.0,0.0,648.0,test:/0/@dispositifs.0/@blocs.0/@parcellesunitaire.648/@individus.0,,,
36,3,650,0.0,0.0,0.0,649.0,test:/0/@dispositifs.0/@blocs.0/@parcellesunitaire.649/@individus.0,,,
36,4,651,0.0,0.0,0.0,650.0,test:/0/@dispositifs.0/@blocs.0/@parcellesunitaire.650/@individus.0,"Color {0, 255, 0}",,
36,5,652,0.0,0.0,0.0,651.0,test:/0/@dispositifs.0/@blocs.0/@parcellesunitaire.651/@individus.0,,,
36,6,653,0.0,0.0,0.0,652.0,test:/0/@dispositifs.0/@blocs.0/@parcellesunitaire.652/@individus.0,,,
36,7,654,0.0,0.0,0.0,653.0,test:/0/@dispositifs.0/@blocs.0/@parcellesunitaire.653/@individus.0,"Color {255, 0, 0}",,
36,8,655,0.0,0.0,0.0,654.0,test:/0/@dispositifs.0/@blocs.0/@parcellesunitaire.654/@individus.0,,,
36,9,656,0.0,0.0,0.0,655.0,test:/0/@dispositifs.0/@blocs.0/@parcellesunitaire.655/@individus.0,,,
36,10,657,0.0,0.0,0.0,656.0,test:/0/@dispositifs.0/@blocs.0/@parcellesunitaire.656/@individus.0,,,
36,11,658,0.0,0.0,0.0,657.0,test:/0/@dispositifs.0/@blocs.0/@parcellesunitaire.657/@individus.0,,,
36,12,659,0.0,0.0,0.0,658.0,test:/0/@dispositifs.0/@blocs.0/@parcellesunitaire.658/@individus.0,,,
36,13,660,0.0,0.0,0.0,659.0,test:/0/@dispositifs.0/@blocs.0/@parcellesunitaire.659/@individus.0,,,
36,14,661,0.0,0.0,0.0,660.0,test:/0/@dispositifs.0/@blocs.0/@parcellesunitaire.660/@individus.0,,,
36,15,662,0.0,0.0,0.0,661.0,test:/0/@dispositifs.0/@blocs.0/@parcellesunitaire.661/@individus.0,,,
36,16,663,0.0,0.0,0.0,662.0,test:/0/@dispositifs.0/@blocs.0/@parcellesunitaire.662/@individus.0,"Color {255, 0, 0}",,
37,16,664,0.0,0.0,0.0,663.0,test:/0/@dispositifs.0/@blocs.0/@parcellesunitaire.663/@individus.0,,,
37,15,665,0.0,0.0,0.0,664.0,test:/0/@dispositifs.0/@blocs.0/@parcellesunitaire.664/@individus.0,"Color {0, 255, 0}",,
37,14,666,0.0,0.0,0.0,665.0,test:/0/@dispositifs.0/@blocs.0/@parcellesunitaire.665/@individus.0,,,
37,13,667,0.0,0.0,0.0,666.0,test:/0/@dispositifs.0/@blocs.0/@parcellesunitaire.666/@individus.0,"Color {255, 0, 0}",,
37,12,668,0.0,0.0,0.0,667.0,test:/0/@dispositifs.0/@blocs.0/@parcellesunitaire.667/@individus.0,,,
37,11,669,0.0,0.0,0.0,668.0,test:/0/@dispositifs.0/@blocs.0/@parcellesunitaire.668/@individus.0,,,
37,10,670,0.0,0.0,0.0,669.0,test:/0/@dispositifs.0/@blocs.0/@parcellesunitaire.669/@individus.0,"Color {255, 0, 0}",,
37,9,671,0.0,0.0,0.0,670.0,test:/0/@dispositifs.0/@blocs.0/@parcellesunitaire.670/@individus.0,,,
37,8,672,0.0,0.0,0.0,671.0,test:/0/@dispositifs.0/@blocs.0/@parcellesunitaire.671/@individus.0,,,
37,7,673,0.0,0.0,0.0,672.0,test:/0/@dispositifs.0/@blocs.0/@parcellesunitaire.672/@individus.0,,,
37,6,674,0.0,0.0,0.0,673.0,test:/0/@dispositifs.0/@blocs.0/@parcellesunitaire.673/@individus.0,,,
37,5,675,0.0,0.0,0.0,674.0,test:/0/@dispositifs.0/@blocs.0/@parcellesunitaire.674/@individus.0,,,
37,4,676,0.0,0.0,0.0,675.0,test:/0/@dispositifs.0/@blocs.0/@parcellesunitaire.675/@individus.0,,,
37,3,677,0.0,0.0,0.0,676.0,test:/0/@dispositifs.0/@blocs.0/@parcellesunitaire.676/@individus.0,,,
37,2,678,0.0,0.0,0.0,677.0,test:/0/@dispositifs.0/@blocs.0/@parcellesunitaire.677/@individus.0,,,
37,1,679,0.0,0.0,0.0,678.0,test:/0/@dispositifs.0/@blocs.0/@parcellesunitaire.678/@individus.0,"Color {255, 0, 0}",,
38,1,680,0.0,0.0,0.0,679.0,test:/0/@dispositifs.0/@blocs.0/@parcellesunitaire.679/@individus.0,"Color {255, 0, 0}",,
38,2,681,0.0,0.0,0.0,680.0,test:/0/@dispositifs.0/@blocs.0/@parcellesunitaire.680/@individus.0,"Color {255, 0, 0}",,
38,3,682,0.0,0.0,0.0,681.0,test:/0/@dispositifs.0/@blocs.0/@parcellesunitaire.681/@individus.0,,,
38,4,683,0.0,0.0,0.0,682.0,test:/0/@dispositifs.0/@blocs.0/@parcellesunitaire.682/@individus.0,,,
38,5,684,0.0,0.0,0.0,683.0,test:/0/@dispositifs.0/@blocs.0/@parcellesunitaire.683/@individus.0,,,
38,6,685,0.0,0.0,0.0,684.0,test:/0/@dispositifs.0/@blocs.0/@parcellesunitaire.684/@individus.0,"Color {255, 0, 0}",,
38,7,686,0.0,0.0,0.0,685.0,test:/0/@dispositifs.0/@blocs.0/@parcellesunitaire.685/@individus.0,,,
38,8,687,0.0,0.0,0.0,686.0,test:/0/@dispositifs.0/@blocs.0/@parcellesunitaire.686/@individus.0,,,
38,9,688,0.0,0.0,0.0,687.0,test:/0/@dispositifs.0/@blocs.0/@parcellesunitaire.687/@individus.0,,,
38,10,689,0.0,0.0,0.0,688.0,test:/0/@dispositifs.0/@blocs.0/@parcellesunitaire.688/@individus.0,,,
38,11,690,0.0,0.0,0.0,689.0,test:/0/@dispositifs.0/@blocs.0/@parcellesunitaire.689/@individus.0,,,
38,12,691,0.0,0.0,0.0,690.0,test:/0/@dispositifs.0/@blocs.0/@parcellesunitaire.690/@individus.0,,,
38,13,692,0.0,0.0,0.0,691.0,test:/0/@dispositifs.0/@blocs.0/@parcellesunitaire.691/@individus.0,"Color {255, 0, 0}",,
38,14,693,0.0,0.0,0.0,692.0,test:/0/@dispositifs.0/@blocs.0/@parcellesunitaire.692/@individus.0,,,
38,15,694,0.0,0.0,0.0,693.0,test:/0/@dispositifs.0/@blocs.0/@parcellesunitaire.693/@individus.0,"Color {255, 0, 0}",,
38,16,695,0.0,0.0,0.0,694.0,test:/0/@dispositifs.0/@blocs.0/@parcellesunitaire.694/@individus.0,,,
39,16,696,0.0,0.0,0.0,695.0,test:/0/@dispositifs.0/@blocs.0/@parcellesunitaire.695/@individus.0,,,
39,15,697,0.0,0.0,0.0,696.0,test:/0/@dispositifs.0/@blocs.0/@parcellesunitaire.696/@individus.0,,,
39,14,698,0.0,0.0,0.0,697.0,test:/0/@dispositifs.0/@blocs.0/@parcellesunitaire.697/@individus.0,,,
39,13,699,0.0,0.0,0.0,698.0,test:/0/@dispositifs.0/@blocs.0/@parcellesunitaire.698/@individus.0,,,
39,12,700,0.0,0.0,0.0,699.0,test:/0/@dispositifs.0/@blocs.0/@parcellesunitaire.699/@individus.0,,,
39,11,701,0.0,0.0,0.0,700.0,test:/0/@dispositifs.0/@blocs.0/@parcellesunitaire.700/@individus.0,,,
39,10,702,0.0,0.0,0.0,701.0,test:/0/@dispositifs.0/@blocs.0/@parcellesunitaire.701/@individus.0,,,
39,9,703,0.0,0.0,0.0,702.0,test:/0/@dispositifs.0/@blocs.0/@parcellesunitaire.702/@individus.0,,,
39,8,704,0.0,0.0,0.0,703.0,test:/0/@dispositifs.0/@blocs.0/@parcellesunitaire.703/@individus.0,,,
39,7,705,0.0,0.0,0.0,704.0,test:/0/@dispositifs.0/@blocs.0/@parcellesunitaire.704/@individus.0,,,
39,6,706,0.0,0.0,0.0,705.0,test:/0/@dispositifs.0/@blocs.0/@parcellesunitaire.705/@individus.0,,,
39,5,707,0.0,0.0,0.0,706.0,test:/0/@dispositifs.0/@blocs.0/@parcellesunitaire.706/@individus.0,,,
39,4,708,0.0,0.0,0.0,707.0,test:/0/@dispositifs.0/@blocs.0/@parcellesunitaire.707/@individus.0,,,
39,3,709,0.0,0.0,0.0,708.0,test:/0/@dispositifs.0/@blocs.0/@parcellesunitaire.708/@individus.0,"Color {0, 255, 0}",,
39,2,710,0.0,0.0,0.0,709.0,test:/0/@dispositifs.0/@blocs.0/@parcellesunitaire.709/@individus.0,,,
39,1,711,0.0,0.0,0.0,710.0,test:/0/@dispositifs.0/@blocs.0/@parcellesunitaire.710/@individus.0,,,
40,1,712,0.0,0.0,0.0,711.0,test:/0/@dispositifs.0/@blocs.0/@parcellesunitaire.711/@individus.0,"Color {255, 0, 0}",,
40,2,713,0.0,0.0,0.0,712.0,test:/0/@dispositifs.0/@blocs.0/@parcellesunitaire.712/@individus.0,,,
40,3,714,0.0,0.0,0.0,713.0,test:/0/@dispositifs.0/@blocs.0/@parcellesunitaire.713/@individus.0,,,
40,4,715,0.0,0.0,0.0,714.0,test:/0/@dispositifs.0/@blocs.0/@parcellesunitaire.714/@individus.0,,,
40,5,716,0.0,0.0,0.0,715.0,test:/0/@dispositifs.0/@blocs.0/@parcellesunitaire.715/@individus.0,,,
40,6,717,0.0,0.0,0.0,716.0,test:/0/@dispositifs.0/@blocs.0/@parcellesunitaire.716/@individus.0,,,
40,7,718,0.0,0.0,0.0,717.0,test:/0/@dispositifs.0/@blocs.0/@parcellesunitaire.717/@individus.0,,,
40,8,719,0.0,0.0,0.0,718.0,test:/0/@dispositifs.0/@blocs.0/@parcellesunitaire.718/@individus.0,,,
40,9,720,0.0,0.0,0.0,719.0,test:/0/@dispositifs.0/@blocs.0/@parcellesunitaire.719/@individus.0,,,
40,10,721,0.0,0.0,0.0,720.0,test:/0/@dispositifs.0/@blocs.0/@parcellesunitaire.720/@individus.0,,,
40,11,722,0.0,0.0,0.0,721.0,test:/0/@dispositifs.0/@blocs.0/@parcellesunitaire.721/@individus.0,,,
40,12,723,0.0,0.0,0.0,722.0,test:/0/@dispositifs.0/@blocs.0/@parcellesunitaire.722/@individus.0,,,
40,13,724,0.0,0.0,0.0,723.0,test:/0/@dispositifs.0/@blocs.0/@parcellesunitaire.723/@individus.0,,,
40,14,725,0.0,0.0,0.0,724.0,test:/0/@dispositifs.0/@blocs.0/@parcellesunitaire.724/@individus.0,,,
40,15,726,0.0,0.0,0.0,725.0,test:/0/@dispositifs.0/@blocs.0/@parcellesunitaire.725/@individus.0,,,
40,16,727,0.0,0.0,0.0,726.0,test:/0/@dispositifs.0/@blocs.0/@parcellesunitaire.726/@individus.0,,,
41,16,728,0.0,0.0,0.0,727.0,test:/0/@dispositifs.0/@blocs.0/@parcellesunitaire.727/@individus.0,"Color {0, 255, 0}",,
41,15,729,0.0,0.0,0.0,728.0,test:/0/@dispositifs.0/@blocs.0/@parcellesunitaire.728/@individus.0,,,
41,14,730,0.0,0.0,0.0,729.0,test:/0/@dispositifs.0/@blocs.0/@parcellesunitaire.729/@individus.0,,,
41,13,731,0.0,0.0,0.0,730.0,test:/0/@dispositifs.0/@blocs.0/@parcellesunitaire.730/@individus.0,,,
41,12,732,0.0,0.0,0.0,731.0,test:/0/@dispositifs.0/@blocs.0/@parcellesunitaire.731/@individus.0,"Color {255, 0, 0}",,
41,11,733,0.0,0.0,0.0,732.0,test:/0/@dispositifs.0/@blocs.0/@parcellesunitaire.732/@individus.0,,,
41,10,734,0.0,0.0,0.0,733.0,test:/0/@dispositifs.0/@blocs.0/@parcellesunitaire.733/@individus.0,"Color {255, 0, 0}",,
41,9,735,0.0,0.0,0.0,734.0,test:/0/@dispositifs.0/@blocs.0/@parcellesunitaire.734/@individus.0,,,
41,8,736,0.0,0.0,0.0,735.0,test:/0/@dispositifs.0/@blocs.0/@parcellesunitaire.735/@individus.0,,,
41,7,737,0.0,0.0,0.0,736.0,test:/0/@dispositifs.0/@blocs.0/@parcellesunitaire.736/@individus.0,,,
41,6,738,0.0,0.0,0.0,737.0,test:/0/@dispositifs.0/@blocs.0/@parcellesunitaire.737/@individus.0,,,
41,5,739,0.0,0.0,0.0,738.0,test:/0/@dispositifs.0/@blocs.0/@parcellesunitaire.738/@individus.0,,,
41,4,740,0.0,0.0,0.0,739.0,test:/0/@dispositifs.0/@blocs.0/@parcellesunitaire.739/@individus.0,,,
41,3,741,0.0,0.0,0.0,740.0,test:/0/@dispositifs.0/@blocs.0/@parcellesunitaire.740/@individus.0,,,
41,2,742,0.0,0.0,0.0,741.0,test:/0/@dispositifs.0/@blocs.0/@parcellesunitaire.741/@individus.0,,,
41,1,743,0.0,0.0,0.0,742.0,test:/0/@dispositifs.0/@blocs.0/@parcellesunitaire.742/@individus.0,,,
42,1,744,0.0,0.0,0.0,743.0,test:/0/@dispositifs.0/@blocs.0/@parcellesunitaire.743/@individus.0,"Color {255, 0, 0}",,
42,2,745,0.0,0.0,0.0,744.0,test:/0/@dispositifs.0/@blocs.0/@parcellesunitaire.744/@individus.0,"Color {0, 255, 0}",,
42,3,746,0.0,0.0,0.0,745.0,test:/0/@dispositifs.0/@blocs.0/@parcellesunitaire.745/@individus.0,,,
42,4,747,0.0,0.0,0.0,746.0,test:/0/@dispositifs.0/@blocs.0/@parcellesunitaire.746/@individus.0,,,
42,5,748,0.0,0.0,0.0,747.0,test:/0/@dispositifs.0/@blocs.0/@parcellesunitaire.747/@individus.0,"Color {255, 0, 0}",,
42,6,749,0.0,0.0,0.0,748.0,test:/0/@dispositifs.0/@blocs.0/@parcellesunitaire.748/@individus.0,,,
42,7,750,0.0,0.0,0.0,749.0,test:/0/@dispositifs.0/@blocs.0/@parcellesunitaire.749/@individus.0,,,
42,8,751,0.0,0.0,0.0,750.0,test:/0/@dispositifs.0/@blocs.0/@parcellesunitaire.750/@individus.0,,,
42,9,752,0.0,0.0,0.0,751.0,test:/0/@dispositifs.0/@blocs.0/@parcellesunitaire.751/@individus.0,,,
42,10,753,0.0,0.0,0.0,752.0,test:/0/@dispositifs.0/@blocs.0/@parcellesunitaire.752/@individus.0,,,
42,11,754,0.0,0.0,0.0,753.0,test:/0/@dispositifs.0/@blocs.0/@parcellesunitaire.753/@individus.0,,,
42,12,755,0.0,0.0,0.0,754.0,test:/0/@dispositifs.0/@blocs.0/@parcellesunitaire.754/@individus.0,,,
42,13,756,0.0,0.0,0.0,755.0,test:/0/@dispositifs.0/@blocs.0/@parcellesunitaire.755/@individus.0,,,
42,14,757,0.0,0.0,0.0,756.0,test:/0/@dispositifs.0/@blocs.0/@parcellesunitaire.756/@individus.0,,,
42,15,758,0.0,0.0,0.0,757.0,test:/0/@dispositifs.0/@blocs.0/@parcellesunitaire.757/@individus.0,,,
42,16,759,0.0,0.0,0.0,758.0,test:/0/@dispositifs.0/@blocs.0/@parcellesunitaire.758/@individus.0,"Color {0, 255, 0}",,
43,14,760,0.0,0.0,0.0,759.0,test:/0/@dispositifs.0/@blocs.0/@parcellesunitaire.759/@individus.0,,,
43,13,761,0.0,0.0,0.0,760.0,test:/0/@dispositifs.0/@blocs.0/@parcellesunitaire.760/@individus.0,,,
43,12,762,0.0,0.0,0.0,761.0,test:/0/@dispositifs.0/@blocs.0/@parcellesunitaire.761/@individus.0,,,
43,11,763,0.0,0.0,0.0,762.0,test:/0/@dispositifs.0/@blocs.0/@parcellesunitaire.762/@individus.0,,,
43,10,764,0.0,0.0,0.0,763.0,test:/0/@dispositifs.0/@blocs.0/@parcellesunitaire.763/@individus.0,,,
43,9,765,0.0,0.0,0.0,764.0,test:/0/@dispositifs.0/@blocs.0/@parcellesunitaire.764/@individus.0,,,
43,8,766,0.0,0.0,0.0,765.0,test:/0/@dispositifs.0/@blocs.0/@parcellesunitaire.765/@individus.0,,,
43,7,767,0.0,0.0,0.0,766.0,test:/0/@dispositifs.0/@blocs.0/@parcellesunitaire.766/@individus.0,,,
43,6,768,0.0,0.0,0.0,767.0,test:/0/@dispositifs.0/@blocs.0/@parcellesunitaire.767/@individus.0,,,
43,5,769,0.0,0.0,0.0,768.0,test:/0/@dispositifs.0/@blocs.0/@parcellesunitaire.768/@individus.0,,,
43,4,770,0.0,0.0,0.0,769.0,test:/0/@dispositifs.0/@blocs.0/@parcellesunitaire.769/@individus.0,,,
43,3,771,0.0,0.0,0.0,770.0,test:/0/@dispositifs.0/@blocs.0/@parcellesunitaire.770/@individus.0,,,
43,2,772,0.0,0.0,0.0,771.0,test:/0/@dispositifs.0/@blocs.0/@parcellesunitaire.771/@individus.0,,,
43,1,773,0.0,0.0,0.0,772.0,test:/0/@dispositifs.0/@blocs.0/@parcellesunitaire.772/@individus.0,"Color {255, 0, 0}",,
44,1,774,0.0,0.0,0.0,773.0,test:/0/@dispositifs.0/@blocs.0/@parcellesunitaire.773/@individus.0,"Color {255, 0, 0}",,
44,2,775,0.0,0.0,0.0,774.0,test:/0/@dispositifs.0/@blocs.0/@parcellesunitaire.774/@individus.0,,,
44,3,776,0.0,0.0,0.0,775.0,test:/0/@dispositifs.0/@blocs.0/@parcellesunitaire.775/@individus.0,"Color {255, 0, 0}",,
44,4,777,0.0,0.0,0.0,776.0,test:/0/@dispositifs.0/@blocs.0/@parcellesunitaire.776/@individus.0,,,
44,5,778,0.0,0.0,0.0,777.0,test:/0/@dispositifs.0/@blocs.0/@parcellesunitaire.777/@individus.0,,,
44,6,779,0.0,0.0,0.0,778.0,test:/0/@dispositifs.0/@blocs.0/@parcellesunitaire.778/@individus.0,,,
44,7,780,0.0,0.0,0.0,779.0,test:/0/@dispositifs.0/@blocs.0/@parcellesunitaire.779/@individus.0,,,
44,8,781,0.0,0.0,0.0,780.0,test:/0/@dispositifs.0/@blocs.0/@parcellesunitaire.780/@individus.0,"Color {255, 0, 0}",,
44,9,782,0.0,0.0,0.0,781.0,test:/0/@dispositifs.0/@blocs.0/@parcellesunitaire.781/@individus.0,,,
44,10,783,0.0,0.0,0.0,782.0,test:/0/@dispositifs.0/@blocs.0/@parcellesunitaire.782/@individus.0,"Color {255, 0, 0}",,
44,11,784,0.0,0.0,0.0,783.0,test:/0/@dispositifs.0/@blocs.0/@parcellesunitaire.783/@individus.0,,,
44,12,785,0.0,0.0,0.0,784.0,test:/0/@dispositifs.0/@blocs.0/@parcellesunitaire.784/@individus.0,,,
44,13,786,0.0,0.0,0.0,785.0,test:/0/@dispositifs.0/@blocs.0/@parcellesunitaire.785/@individus.0,,,
44,14,787,0.0,0.0,0.0,786.0,test:/0/@dispositifs.0/@blocs.0/@parcellesunitaire.786/@individus.0,,,
45,14,788,0.0,0.0,0.0,787.0,test:/0/@dispositifs.0/@blocs.0/@parcellesunitaire.787/@individus.0,,,
45,13,789,0.0,0.0,0.0,788.0,test:/0/@dispositifs.0/@blocs.0/@parcellesunitaire.788/@individus.0,,,
45,12,790,0.0,0.0,0.0,789.0,test:/0/@dispositifs.0/@blocs.0/@parcellesunitaire.789/@individus.0,,,
45,11,791,0.0,0.0,0.0,790.0,test:/0/@dispositifs.0/@blocs.0/@parcellesunitaire.790/@individus.0,,,
45,10,792,0.0,0.0,0.0,791.0,test:/0/@dispositifs.0/@blocs.0/@parcellesunitaire.791/@individus.0,,,
45,9,793,0.0,0.0,0.0,792.0,test:/0/@dispositifs.0/@blocs.0/@parcellesunitaire.792/@individus.0,,,
45,8,794,0.0,0.0,0.0,793.0,test:/0/@dispositifs.0/@blocs.0/@parcellesunitaire.793/@individus.0,,,
45,7,795,0.0,0.0,0.0,794.0,test:/0/@dispositifs.0/@blocs.0/@parcellesunitaire.794/@individus.0,,,
45,6,796,0.0,0.0,0.0,795.0,test:/0/@dispositifs.0/@blocs.0/@parcellesunitaire.795/@individus.0,"Color {255, 0, 0}",,
45,5,797,0.0,0.0,0.0,796.0,test:/0/@dispositifs.0/@blocs.0/@parcellesunitaire.796/@individus.0,,,
45,4,798,0.0,0.0,0.0,797.0,test:/0/@dispositifs.0/@blocs.0/@parcellesunitaire.797/@individus.0,,,
45,3,799,0.0,0.0,0.0,798.0,test:/0/@dispositifs.0/@blocs.0/@parcellesunitaire.798/@individus.0,,,
45,2,800,0.0,0.0,0.0,799.0,test:/0/@dispositifs.0/@blocs.0/@parcellesunitaire.799/@individus.0,,,
45,1,801,0.0,0.0,0.0,800.0,test:/0/@dispositifs.0/@blocs.0/@parcellesunitaire.800/@individus.0,,,
46,1,802,0.0,0.0,0.0,801.0,test:/0/@dispositifs.0/@blocs.0/@parcellesunitaire.801/@individus.0,"Color {255, 0, 0}",,
46,2,803,0.0,0.0,0.0,802.0,test:/0/@dispositifs.0/@blocs.0/@parcellesunitaire.802/@individus.0,,,
46,4,804,0.0,0.0,0.0,803.0,test:/0/@dispositifs.0/@blocs.0/@parcellesunitaire.803/@individus.0,"Color {255, 0, 0}",,
46,5,805,0.0,0.0,0.0,804.0,test:/0/@dispositifs.0/@blocs.0/@parcellesunitaire.804/@individus.0,"Color {255, 0, 0}",,
46,7,806,0.0,0.0,0.0,805.0,test:/0/@dispositifs.0/@blocs.0/@parcellesunitaire.805/@individus.0,,,
46,8,807,0.0,0.0,0.0,806.0,test:/0/@dispositifs.0/@blocs.0/@parcellesunitaire.806/@individus.0,"Color {255, 0, 0}",,
46,9,808,0.0,0.0,0.0,807.0,test:/0/@dispositifs.0/@blocs.0/@parcellesunitaire.807/@individus.0,"Color {255, 0, 0}",,
46,3,809,0.0,0.0,0.0,808.0,test:/0/@dispositifs.0/@blocs.0/@parcellesunitaire.808/@individus.0,,,
46,6,810,0.0,0.0,0.0,809.0,test:/0/@dispositifs.0/@blocs.0/@parcellesunitaire.809/@individus.0,,,
46,10,811,0.0,0.0,0.0,810.0,test:/0/@dispositifs.0/@blocs.0/@parcellesunitaire.810/@individus.0,,,
46,11,812,0.0,0.0,0.0,811.0,test:/0/@dispositifs.0/@blocs.0/@parcellesunitaire.811/@individus.0,,,
46,12,813,0.0,0.0,0.0,812.0,test:/0/@dispositifs.0/@blocs.0/@parcellesunitaire.812/@individus.0,,,
46,13,814,0.0,0.0,0.0,813.0,test:/0/@dispositifs.0/@blocs.0/@parcellesunitaire.813/@individus.0,"Color {255, 0, 0}",,
46,14,815,0.0,0.0,0.0,814.0,test:/0/@dispositifs.0/@blocs.0/@parcellesunitaire.814/@individus.0,,,
47,13,816,0.0,0.0,0.0,815.0,test:/0/@dispositifs.0/@blocs.0/@parcellesunitaire.815/@individus.0,,,
47,12,817,0.0,0.0,0.0,816.0,test:/0/@dispositifs.0/@blocs.0/@parcellesunitaire.816/@individus.0,,,
47,11,818,0.0,0.0,0.0,817.0,test:/0/@dispositifs.0/@blocs.0/@parcellesunitaire.817/@individus.0,"Color {0, 255, 0}",,
47,10,819,0.0,0.0,0.0,818.0,test:/0/@dispositifs.0/@blocs.0/@parcellesunitaire.818/@individus.0,"Color {255, 0, 0}",,
47,9,820,0.0,0.0,0.0,819.0,test:/0/@dispositifs.0/@blocs.0/@parcellesunitaire.819/@individus.0,,,
47,8,821,0.0,0.0,0.0,820.0,test:/0/@dispositifs.0/@blocs.0/@parcellesunitaire.820/@individus.0,"Color {255, 0, 0}",,
47,7,822,0.0,0.0,0.0,821.0,test:/0/@dispositifs.0/@blocs.0/@parcellesunitaire.821/@individus.0,,,
47,6,823,0.0,0.0,0.0,822.0,test:/0/@dispositifs.0/@blocs.0/@parcellesunitaire.822/@individus.0,,,
47,5,824,0.0,0.0,0.0,823.0,test:/0/@dispositifs.0/@blocs.0/@parcellesunitaire.823/@individus.0,,,
47,4,825,0.0,0.0,0.0,824.0,test:/0/@dispositifs.0/@blocs.0/@parcellesunitaire.824/@individus.0,,,
47,3,826,0.0,0.0,0.0,825.0,test:/0/@dispositifs.0/@blocs.0/@parcellesunitaire.825/@individus.0,,,
47,2,827,0.0,0.0,0.0,826.0,test:/0/@dispositifs.0/@blocs.0/@parcellesunitaire.826/@individus.0,,,
47,1,828,0.0,0.0,0.0,827.0,test:/0/@dispositifs.0/@blocs.0/@parcellesunitaire.827/@individus.0,"Color {255, 0, 0}",,
48,1,829,0.0,0.0,0.0,828.0,test:/0/@dispositifs.0/@blocs.0/@parcellesunitaire.828/@individus.0,"Color {255, 0, 0}",,
48,2,830,0.0,0.0,0.0,829.0,test:/0/@dispositifs.0/@blocs.0/@parcellesunitaire.829/@individus.0,"Color {255, 0, 0}",,
48,3,831,0.0,0.0,0.0,830.0,test:/0/@dispositifs.0/@blocs.0/@parcellesunitaire.830/@individus.0,,,
48,4,832,0.0,0.0,0.0,831.0,test:/0/@dispositifs.0/@blocs.0/@parcellesunitaire.831/@individus.0,,,
48,5,833,0.0,0.0,0.0,832.0,test:/0/@dispositifs.0/@blocs.0/@parcellesunitaire.832/@individus.0,"Color {255, 0, 0}",,
48,6,834,0.0,0.0,0.0,833.0,test:/0/@dispositifs.0/@blocs.0/@parcellesunitaire.833/@individus.0,,,
48,7,835,0.0,0.0,0.0,834.0,test:/0/@dispositifs.0/@blocs.0/@parcellesunitaire.834/@individus.0,,,
48,8,836,0.0,0.0,0.0,835.0,test:/0/@dispositifs.0/@blocs.0/@parcellesunitaire.835/@individus.0,,,
49,12,837,0.0,0.0,0.0,836.0,test:/0/@dispositifs.0/@blocs.0/@parcellesunitaire.836/@individus.0,,,
49,11,838,0.0,0.0,0.0,837.0,test:/0/@dispositifs.0/@blocs.0/@parcellesunitaire.837/@individus.0,,,
49,10,839,0.0,0.0,0.0,838.0,test:/0/@dispositifs.0/@blocs.0/@parcellesunitaire.838/@individus.0,,,
49,9,840,0.0,0.0,0.0,839.0,test:/0/@dispositifs.0/@blocs.0/@parcellesunitaire.839/@individus.0,,,
49,8,841,0.0,0.0,0.0,840.0,test:/0/@dispositifs.0/@blocs.0/@parcellesunitaire.840/@individus.0,,,
49,7,842,0.0,0.0,0.0,841.0,test:/0/@dispositifs.0/@blocs.0/@parcellesunitaire.841/@individus.0,,,
49,6,843,0.0,0.0,0.0,842.0,test:/0/@dispositifs.0/@blocs.0/@parcellesunitaire.842/@individus.0,,,
49,5,844,0.0,0.0,0.0,843.0,test:/0/@dispositifs.0/@blocs.0/@parcellesunitaire.843/@individus.0,,,
49,4,845,0.0,0.0,0.0,844.0,test:/0/@dispositifs.0/@blocs.0/@parcellesunitaire.844/@individus.0,"Color {255, 0, 0}",,
49,3,846,0.0,0.0,0.0,845.0,test:/0/@dispositifs.0/@blocs.0/@parcellesunitaire.845/@individus.0,,,
49,2,847,0.0,0.0,0.0,846.0,test:/0/@dispositifs.0/@blocs.0/@parcellesunitaire.846/@individus.0,,,
49,1,848,0.0,0.0,0.0,847.0,test:/0/@dispositifs.0/@blocs.0/@parcellesunitaire.847/@individus.0,,,
50,1,849,0.0,0.0,0.0,848.0,test:/0/@dispositifs.0/@blocs.0/@parcellesunitaire.848/@individus.0,,,
50,2,850,0.0,0.0,0.0,849.0,test:/0/@dispositifs.0/@blocs.0/@parcellesunitaire.849/@individus.0,"Color {255, 0, 0}",,
50,3,851,0.0,0.0,0.0,850.0,test:/0/@dispositifs.0/@blocs.0/@parcellesunitaire.850/@individus.0,,,
50,4,852,0.0,0.0,0.0,851.0,test:/0/@dispositifs.0/@blocs.0/@parcellesunitaire.851/@individus.0,"Color {255, 0, 0}",,
50,5,853,0.0,0.0,0.0,852.0,test:/0/@dispositifs.0/@blocs.0/@parcellesunitaire.852/@individus.0,,,
50,6,854,0.0,0.0,0.0,853.0,test:/0/@dispositifs.0/@blocs.0/@parcellesunitaire.853/@individus.0,,,
50,7,855,0.0,0.0,0.0,854.0,test:/0/@dispositifs.0/@blocs.0/@parcellesunitaire.854/@individus.0,,,
50,8,856,0.0,0.0,0.0,855.0,test:/0/@dispositifs.0/@blocs.0/@parcellesunitaire.855/@individus.0,"Color {255, 0, 0}",,
50,9,857,0.0,0.0,0.0,856.0,test:/0/@dispositifs.0/@blocs.0/@parcellesunitaire.856/@individus.0,,,
50,10,858,0.0,0.0,0.0,857.0,test:/0/@dispositifs.0/@blocs.0/@parcellesunitaire.857/@individus.0,"Color {255, 0, 0}",,
50,11,859,0.0,0.0,0.0,858.0,test:/0/@dispositifs.0/@blocs.0/@parcellesunitaire.858/@individus.0,,,
50,12,860,0.0,0.0,0.0,859.0,test:/0/@dispositifs.0/@blocs.0/@parcellesunitaire.859/@individus.0,,,
50,13,861,0.0,0.0,0.0,860.0,test:/0/@dispositifs.0/@blocs.0/@parcellesunitaire.860/@individus.0,,,
61,9,862,0.0,0.0,0.0,861.0,test:/0/@dispositifs.0/@blocs.0/@parcellesunitaire.861/@individus.0,,,
61,8,863,0.0,0.0,0.0,862.0,test:/0/@dispositifs.0/@blocs.0/@parcellesunitaire.862/@individus.0,"Color {0, 255, 0}",,
61,7,864,0.0,0.0,0.0,863.0,test:/0/@dispositifs.0/@blocs.0/@parcellesunitaire.863/@individus.0,,,
61,6,865,0.0,0.0,0.0,864.0,test:/0/@dispositifs.0/@blocs.0/@parcellesunitaire.864/@individus.0,,,
61,5,866,0.0,0.0,0.0,865.0,test:/0/@dispositifs.0/@blocs.0/@parcellesunitaire.865/@individus.0,,,
61,4,867,0.0,0.0,0.0,866.0,test:/0/@dispositifs.0/@blocs.0/@parcellesunitaire.866/@individus.0,,,
61,3,868,0.0,0.0,0.0,867.0,test:/0/@dispositifs.0/@blocs.0/@parcellesunitaire.867/@individus.0,,,
61,2,869,0.0,0.0,0.0,868.0,test:/0/@dispositifs.0/@blocs.0/@parcellesunitaire.868/@individus.0,,,
61,1,870,0.0,0.0,0.0,869.0,test:/0/@dispositifs.0/@blocs.0/@parcellesunitaire.869/@individus.0,,,
62,1,871,0.0,0.0,0.0,870.0,test:/0/@dispositifs.0/@blocs.0/@parcellesunitaire.870/@individus.0,,,
62,2,872,0.0,0.0,0.0,871.0,test:/0/@dispositifs.0/@blocs.0/@parcellesunitaire.871/@individus.0,,,
62,3,873,0.0,0.0,0.0,872.0,test:/0/@dispositifs.0/@blocs.0/@parcellesunitaire.872/@individus.0,,,
62,4,874,0.0,0.0,0.0,873.0,test:/0/@dispositifs.0/@blocs.0/@parcellesunitaire.873/@individus.0,,,
62,5,875,0.0,0.0,0.0,874.0,test:/0/@dispositifs.0/@blocs.0/@parcellesunitaire.874/@individus.0,,,
62,6,876,0.0,0.0,0.0,875.0,test:/0/@dispositifs.0/@blocs.0/@parcellesunitaire.875/@individus.0,,,
62,7,877,0.0,0.0,0.0,876.0,test:/0/@dispositifs.0/@blocs.0/@parcellesunitaire.876/@individus.0,,,
62,8,878,0.0,0.0,0.0,877.0,test:/0/@dispositifs.0/@blocs.0/@parcellesunitaire.877/@individus.0,,,
62,9,879,0.0,0.0,0.0,878.0,test:/0/@dispositifs.0/@blocs.0/@parcellesunitaire.878/@individus.0,,,
62,10,880,0.0,0.0,0.0,879.0,test:/0/@dispositifs.0/@blocs.0/@parcellesunitaire.879/@individus.0,,,
62,11,881,0.0,0.0,0.0,880.0,test:/0/@dispositifs.0/@blocs.0/@parcellesunitaire.880/@individus.0,,,
63,11,882,0.0,0.0,0.0,881.0,test:/0/@dispositifs.0/@blocs.0/@parcellesunitaire.881/@individus.0,,,
63,10,883,0.0,0.0,0.0,882.0,test:/0/@dispositifs.0/@blocs.0/@parcellesunitaire.882/@individus.0,,,
63,9,884,0.0,0.0,0.0,883.0,test:/0/@dispositifs.0/@blocs.0/@parcellesunitaire.883/@individus.0,,,
63,8,885,0.0,0.0,0.0,884.0,test:/0/@dispositifs.0/@blocs.0/@parcellesunitaire.884/@individus.0,,,
63,7,886,0.0,0.0,0.0,885.0,test:/0/@dispositifs.0/@blocs.0/@parcellesunitaire.885/@individus.0,"Color {0, 255, 0}",,
63,6,887,0.0,0.0,0.0,886.0,test:/0/@dispositifs.0/@blocs.0/@parcellesunitaire.886/@individus.0,,,
63,5,888,0.0,0.0,0.0,887.0,test:/0/@dispositifs.0/@blocs.0/@parcellesunitaire.887/@individus.0,"Color {0, 255, 0}",,
63,4,889,0.0,0.0,0.0,888.0,test:/0/@dispositifs.0/@blocs.0/@parcellesunitaire.888/@individus.0,,,
63,3,890,0.0,0.0,0.0,889.0,test:/0/@dispositifs.0/@blocs.0/@parcellesunitaire.889/@individus.0,,,
63,2,891,0.0,0.0,0.0,890.0,test:/0/@dispositifs.0/@blocs.0/@parcellesunitaire.890/@individus.0,,,
63,1,892,0.0,0.0,0.0,891.0,test:/0/@dispositifs.0/@blocs.0/@parcellesunitaire.891/@individus.0,,,
